{
  "round": 3,
  "num_samples": 120000,
  "accuracy": 0.6531083333333333,
  "loss": 0.017487738246222337,
  "class_distribution": {
    "Normal": 60000,
    "DDoS_UDP": 12000,
    "DDoS_ICMP": 12000,
    "DDoS_TCP": 12000,
    "DDoS_HTTP": 12000,
    "Password": 12000,
    "Vulnerability_scanner": 0,
    "SQL_injection": 0,
    "Uploading": 0,
    "Backdoor": 0,
    "Port_Scanning": 0,
    "XSS": 0,
    "Ransomware": 0,
    "MITM": 0,
    "OS_Fingerprinting": 0
  },
  "inactive_classes": [
    "Vulnerability_scanner",
    "SQL_injection",
    "Uploading",
    "Backdoor",
    "Port_Scanning",
    "XSS",
    "Ransomware",
    "MITM",
    "OS_Fingerprinting"
  ],
  "summary_metrics": {
    "accuracy": 0.6531083333333333,
    "macro_avg": {
      "precision": 0.14111080849905241,
      "recall": 0.1730811111111111,
      "f1": 0.1468620166234837,
      "support": 120000
    },
    "weighted_avg": {
      "precision": 0.48363967111023154,
      "recall": 0.6531083333333333,
      "f1": 0.5419289142320574,
      "support": 120000
    }
  },
  "per_class_metrics": {
    "Normal": {
      "precision": 0.6799336459041322,
      "recall": 0.9837166666666667,
      "f1": 0.8040897232420797,
      "support": 60000
    },
    "DDoS_UDP": {
      "precision": 0.0,
      "recall": 0.0,
      "f1": 0.0,
      "support": 12000
    },
    "DDoS_ICMP": {
      "precision": 0.9762780667258658,
      "recall": 0.6413333333333333,
      "f1": 0.7741286526178142,
      "support": 12000
    },
    "DDoS_TCP": {
      "precision": 0.0,
      "recall": 0.0,
      "f1": 0.0,
      "support": 12000
    },
    "DDoS_HTTP": {
      "precision": 0.46045041485578825,
      "recall": 0.9711666666666666,
      "f1": 0.6247118734923613,
      "support": 12000
    },
    "Password": {
      "precision": 0.0,
      "recall": 0.0,
      "f1": 0.0,
      "support": 12000
    },
    "Vulnerability_scanner": {
      "precision": 0.0,
      "recall": 0.0,
      "f1": 0.0,
      "support": 0
    },
    "SQL_injection": {
      "precision": 0.0,
      "recall": 0.0,
      "f1": 0.0,
      "support": 0
    },
    "Uploading": {
      "precision": 0.0,
      "recall": 0.0,
      "f1": 0.0,
      "support": 0
    },
    "Backdoor": {
      "precision": 0.0,
      "recall": 0.0,
      "f1": 0.0,
      "support": 0
    },
    "Port_Scanning": {
      "precision": 0.0,
      "recall": 0.0,
      "f1": 0.0,
      "support": 0
    },
    "XSS": {
      "precision": 0.0,
      "recall": 0.0,
      "f1": 0.0,
      "support": 0
    },
    "Ransomware": {
      "precision": 0.0,
      "recall": 0.0,
      "f1": 0.0,
      "support": 0
    },
    "MITM": {
      "precision": 0.0,
      "recall": 0.0,
      "f1": 0.0,
      "support": 0
    },
    "OS_Fingerprinting": {
      "precision": 0.0,
      "recall": 0.0,
      "f1": 0.0,
      "support": 0
    }
  },
  "top_attack_types": [
    {
      "attack": "DDoS_ICMP",
      "count": 12000
    },
    {
      "attack": "DDoS_UDP",
      "count": 12000
    },
    {
      "attack": "DDoS_TCP",
      "count": 12000
    },
    {
      "attack": "DDoS_HTTP",
      "count": 12000
    },
    {
      "attack": "Password",
      "count": 12000
    }
  ],
  "top_confusions": [
    {
      "actual": "DDoS_UDP",
      "predicted": "Normal",
      "count": 12000
    },
    {
      "actual": "DDoS_TCP",
      "predicted": "Normal",
      "count": 12000
    },
    {
      "actual": "Password",
      "predicted": "DDoS_HTTP",
      "count": 10317
    },
    {
      "actual": "DDoS_ICMP",
      "predicted": "DDoS_HTTP",
      "count": 2362
    },
    {
      "actual": "DDoS_ICMP",
      "predicted": "Normal",
      "count": 1942
    },
    {
      "actual": "Password",
      "predicted": "Normal",
      "count": 1683
    },
    {
      "actual": "Normal",
      "predicted": "DDoS_HTTP",
      "count": 977
    },
    {
      "actual": "DDoS_HTTP",
      "predicted": "DDoS_ICMP",
      "count": 187
    },
    {
      "actual": "DDoS_HTTP",
      "predicted": "Normal",
      "count": 159
    }
  ],
  "problematic_confusions": [
    {
      "actual": "DDoS_UDP",
      "predicted": "Normal",
      "count": 12000,
      "rate": 1.0
    },
    {
      "actual": "DDoS_TCP",
      "predicted": "Normal",
      "count": 12000,
      "rate": 1.0
    },
    {
      "actual": "Password",
      "predicted": "DDoS_HTTP",
      "count": 10317,
      "rate": 0.8598
    },
    {
      "actual": "DDoS_ICMP",
      "predicted": "DDoS_HTTP",
      "count": 2362,
      "rate": 0.1968
    },
    {
      "actual": "DDoS_ICMP",
      "predicted": "Normal",
      "count": 1942,
      "rate": 0.1618
    },
    {
      "actual": "Password",
      "predicted": "Normal",
      "count": 1683,
      "rate": 0.1403
    }
  ],
  "confusion_matrix": {
    "labels": [
      "Normal",
      "DDoS_UDP",
      "DDoS_ICMP",
      "DDoS_TCP",
      "DDoS_HTTP",
      "Password",
      "Vulnerability_scanner",
      "SQL_injection",
      "Uploading",
      "Backdoor",
      "Port_Scanning",
      "XSS",
      "Ransomware",
      "MITM",
      "OS_Fingerprinting"
    ],
    "matrix": [
      [
        59023,
        0,
        0,
        0,
        977,
        0,
        0,
        0,
        0,
        0,
        0,
        0,
        0,
        0,
        0
      ],
      [
        12000,
        0,
        0,
        0,
        0,
        0,
        0,
        0,
        0,
        0,
        0,
        0,
        0,
        0,
        0
      ],
      [
        1942,
        0,
        7696,
        0,
        2362,
        0,
        0,
        0,
        0,
        0,
        0,
        0,
        0,
        0,
        0
      ],
      [
        12000,
        0,
        0,
        0,
        0,
        0,
        0,
        0,
        0,
        0,
        0,
        0,
        0,
        0,
        0
      ],
      [
        159,
        0,
        187,
        0,
        11654,
        0,
        0,
        0,
        0,
        0,
        0,
        0,
        0,
        0,
        0
      ],
      [
        1683,
        0,
        0,
        0,
        10317,
        0,
        0,
        0,
        0,
        0,
        0,
        0,
        0,
        0,
        0
      ],
      [
        0,
        0,
        0,
        0,
        0,
        0,
        0,
        0,
        0,
        0,
        0,
        0,
        0,
        0,
        0
      ],
      [
        0,
        0,
        0,
        0,
        0,
        0,
        0,
        0,
        0,
        0,
        0,
        0,
        0,
        0,
        0
      ],
      [
        0,
        0,
        0,
        0,
        0,
        0,
        0,
        0,
        0,
        0,
        0,
        0,
        0,
        0,
        0
      ],
      [
        0,
        0,
        0,
        0,
        0,
        0,
        0,
        0,
        0,
        0,
        0,
        0,
        0,
        0,
        0
      ],
      [
        0,
        0,
        0,
        0,
        0,
        0,
        0,
        0,
        0,
        0,
        0,
        0,
        0,
        0,
        0
      ],
      [
        0,
        0,
        0,
        0,
        0,
        0,
        0,
        0,
        0,
        0,
        0,
        0,
        0,
        0,
        0
      ],
      [
        0,
        0,
        0,
        0,
        0,
        0,
        0,
        0,
        0,
        0,
        0,
        0,
        0,
        0,
        0
      ],
      [
        0,
        0,
        0,
        0,
        0,
        0,
        0,
        0,
        0,
        0,
        0,
        0,
        0,
        0,
        0
      ],
      [
        0,
        0,
        0,
        0,
        0,
        0,
        0,
        0,
        0,
        0,
        0,
        0,
        0,
        0,
        0
      ]
    ]
  },