{
  "round": 21,
  "num_samples": 120000,
  "accuracy": 0.9749583333333334,
  "loss": 0.0011826520809418678,
  "class_distribution": {
    "Normal": 60000,
    "DDoS_UDP": 12000,
    "DDoS_ICMP": 12000,
    "DDoS_TCP": 12000,
    "DDoS_HTTP": 12000,
    "Password": 12000,
    "Vulnerability_scanner": 0,
    "SQL_injection": 0,
    "Uploading": 0,
    "Backdoor": 0,
    "Port_Scanning": 0,
    "XSS": 0,
    "Ransomware": 0,
    "MITM": 0,
    "OS_Fingerprinting": 0
  },
  "inactive_classes": [
    "Vulnerability_scanner",
    "SQL_injection",
    "Uploading",
    "Backdoor",
    "Port_Scanning",
    "XSS",
    "Ransomware",
    "MITM",
    "OS_Fingerprinting"
  ],
  "summary_metrics": {
    "accuracy": 0.9749583333333334,
    "macro_avg": {
      "precision": 0.38371692593796697,
      "recall": 0.38355,
      "f1": 0.38327042862300803,
      "support": 120000
    },
    "weighted_avg": {
      "precision": 0.9755353562135841,
      "recall": 0.9749583333333334,
      "f1": 0.974702226539484,
      "support": 120000
    }
  },
  "per_class_metrics": {
    "Normal": {
      "precision": 0.9998999182665844,
      "recall": 0.9990833333333333,
      "f1": 0.9994914590124301,
      "support": 60000
    },
    "DDoS_UDP": {
      "precision": 0.9591526778577139,
      "recall": 0.9999166666666667,
      "f1": 0.9791105671154631,
      "support": 12000
    },
    "DDoS_ICMP": {
      "precision": 0.9744443519520519,
      "recall": 0.9755,
      "f1": 0.9749718902261275,
      "support": 12000
    },
    "DDoS_TCP": {
      "precision": 0.9845737261015837,
      "recall": 0.9999166666666667,
      "f1": 0.9921858849795344,
      "support": 12000
    },
    "DDoS_HTTP": {
      "precision": 0.961465271170314,
      "recall": 0.8420833333333333,
      "f1": 0.8978231896934695,
      "support": 12000
    },
    "Password": {
      "precision": 0.8762179437212565,
      "recall": 0.93675,
      "f1": 0.9054734383180958,
      "support": 12000
    },
    "Vulnerability_scanner": {
      "precision": 0.0,
      "recall": 0.0,
      "f1": 0.0,
      "support": 0
    },
    "SQL_injection": {
      "precision": 0.0,
      "recall": 0.0,
      "f1": 0.0,
      "support": 0
    },
    "Uploading": {
      "precision": 0.0,
      "recall": 0.0,
      "f1": 0.0,
      "support": 0
    },
    "Backdoor": {
      "precision": 0.0,
      "recall": 0.0,
      "f1": 0.0,
      "support": 0
    },
    "Port_Scanning": {
      "precision": 0.0,
      "recall": 0.0,
      "f1": 0.0,
      "support": 0
    },
    "XSS": {
      "precision": 0.0,
      "recall": 0.0,
      "f1": 0.0,
      "support": 0
    },
    "Ransomware": {
      "precision": 0.0,
      "recall": 0.0,
      "f1": 0.0,
      "support": 0
    },
    "MITM": {
      "precision": 0.0,
      "recall": 0.0,
      "f1": 0.0,
      "support": 0
    },
    "OS_Fingerprinting": {
      "precision": 0.0,
      "recall": 0.0,
      "f1": 0.0,
      "support": 0
    }
  },
  "top_attack_types": [
    {
      "attack": "DDoS_ICMP",
      "count": 12000
    },
    {
      "attack": "DDoS_UDP",
      "count": 12000
    },
    {
      "attack": "DDoS_TCP",
      "count": 12000
    },
    {
      "attack": "DDoS_HTTP",
      "count": 12000
    },
    {
      "attack": "Password",
      "count": 12000
    }
  ],
  "top_confusions": [
    {
      "actual": "DDoS_HTTP",
      "predicted": "Password",
      "count": 1588
    },
    {
      "actual": "Password",
      "predicted": "DDoS_UDP",
      "count": 502
    },
    {
      "actual": "DDoS_HTTP",
      "predicted": "DDoS_ICMP",
      "count": 307
    },
    {
      "actual": "DDoS_ICMP",
      "predicted": "DDoS_HTTP",
      "count": 294
    },
    {
      "actual": "Password",
      "predicted": "DDoS_TCP",
      "count": 142
    },
    {
      "actual": "Password",
      "predicted": "DDoS_HTTP",
      "count": 111
    },
    {
      "actual": "Normal",
      "predicted": "DDoS_TCP",
      "count": 46
    },
    {
      "actual": "Normal",
      "predicted": "DDoS_UDP",
      "count": 9
    },
    {
      "actual": "Password",
      "predicted": "Normal",
      "count": 4
    },
    {
      "actual": "DDoS_UDP",
      "predicted": "Normal",
      "count": 1
    },
    {
      "actual": "DDoS_TCP",
      "predicted": "Normal",
      "count": 1
    }
  ],
  "problematic_confusions": [
    {
      "actual": "DDoS_HTTP",
      "predicted": "Password",
      "count": 1588,
      "rate": 0.1323
    }
  ],
  "confusion_matrix": {
    "labels": [
      "Normal",
      "DDoS_UDP",
      "DDoS_ICMP",
      "DDoS_TCP",
      "DDoS_HTTP",
      "Password",
      "Vulnerability_scanner",
      "SQL_injection",
      "Uploading",
      "Backdoor",
      "Port_Scanning",
      "XSS",
      "Ransomware",
      "MITM",
      "OS_Fingerprinting"
    ],
    "matrix": [
      [
        59945,
        9,
        0,
        46,
        0,
        0,
        0,
        0,
        0,
        0,
        0,
        0,
        0,
        0,
        0
      ],
      [
        1,
        11999,
        0,
        0,
        0,
        0,
        0,
        0,
        0,
        0,
        0,
        0,
        0,
        0,
        0
      ],
      [
        0,
        0,
        11706,
        0,
        294,
        0,
        0,
        0,
        0,
        0,
        0,
        0,
        0,
        0,
        0
      ],
      [
        1,
        0,
        0,
        11999,
        0,
        0,
        0,
        0,
        0,
        0,
        0,
        0,
        0,
        0,
        0
      ],
      [
        0,
        0,
        307,
        0,
        10105,
        1588,
        0,
        0,
        0,
        0,
        0,
        0,
        0,
        0,
        0
      ],
      [
        4,
        502,
        0,
        142,
        111,
        11241,
        0,
        0,
        0,
        0,
        0,
        0,
        0,
        0,
        0
      ],
      [
        0,
        0,
        0,
        0,
        0,
        0,
        0,
        0,
        0,
        0,
        0,
        0,
        0,
        0,
        0
      ],
      [
        0,
        0,
        0,
        0,
        0,
        0,
        0,
        0,
        0,
        0,
        0,
        0,
        0,
        0,
        0
      ],
      [
        0,
        0,
        0,
        0,
        0,
        0,
        0,
        0,
        0,
        0,
        0,
        0,
        0,
        0,
        0
      ],
      [
        0,
        0,
        0,
        0,
        0,
        0,
        0,
        0,
        0,
        0,
        0,
        0,
        0,
        0,
        0
      ],
      [
        0,
        0,
        0,
        0,
        0,
        0,
        0,
        0,
        0,
        0,
        0,
        0,
        0,
        0,
        0
      ],
      [
        0,
        0,
        0,
        0,
        0,
        0,
        0,
        0,
        0,
        0,
        0,
        0,
        0,
        0,
        0
      ],
      [
        0,
        0,
        0,
        0,
        0,
        0,
        0,
        0,
        0,
        0,
        0,
        0,
        0,
        0,
        0
      ],
      [
        0,
        0,
        0,
        0,
        0,
        0,
        0,
        0,
        0,
        0,
        0,
        0,
        0,
        0,
        0
      ],
      [
        0,
        0,
        0,
        0,
        0,
        0,
        0,
        0,
        0,
        0,
        0,
        0,
        0,
        0,
        0
      ]
    ]
  },
  "risk_flags": {
    "low_recall_classes": [],
    "low_precision_classes": [],
    "thresholds": {
      "confusion_rate_threshold": 0.1,
      "recall_risk_threshold": 0.8,
      "precision_risk_threshold": 0.8
    }
  }
}