{
  "round": 7,
  "num_samples": 120000,
  "accuracy": 0.9396583333333334,
  "loss": 0.005036611283943057,
  "class_distribution": {
    "Normal": 60000,
    "DDoS_UDP": 12000,
    "DDoS_ICMP": 12000,
    "DDoS_TCP": 12000,
    "DDoS_HTTP": 12000,
    "Password": 12000,
    "Vulnerability_scanner": 0,
    "SQL_injection": 0,
    "Uploading": 0,
    "Backdoor": 0,
    "Port_Scanning": 0,
    "XSS": 0,
    "Ransomware": 0,
    "MITM": 0,
    "OS_Fingerprinting": 0
  },
  "inactive_classes": [
    "Vulnerability_scanner",
    "SQL_injection",
    "Uploading",
    "Backdoor",
    "Port_Scanning",
    "XSS",
    "Ransomware",
    "MITM",
    "OS_Fingerprinting"
  ],
  "summary_metrics": {
    "accuracy": 0.9396583333333334,
    "macro_avg": {
      "precision": 0.3657412183547921,
      "recall": 0.3614344444444445,
      "f1": 0.36295993729565795,
      "support": 120000
    },
    "weighted_avg": {
      "precision": 0.9403340625287392,
      "recall": 0.9396583333333334,
      "f1": 0.9390331590910804,
      "support": 120000
    }
  },
  "per_class_metrics": {
    "Normal": {
      "precision": 0.9793055874913773,
      "recall": 0.9937666666666667,
      "f1": 0.986483132868984,
      "support": 60000
    },
    "DDoS_UDP": {
      "precision": 0.9355454762473144,
      "recall": 0.97975,
      "f1": 0.9571376236414703,
      "support": 12000
    },
    "DDoS_ICMP": {
      "precision": 0.9790887968481665,
      "recall": 0.8076666666666666,
      "f1": 0.8851545732681858,
      "support": 12000
    },
    "DDoS_TCP": {
      "precision": 0.9017446471054719,
      "recall": 0.9475833333333333,
      "f1": 0.9240958959772451,
      "support": 12000
    },
    "DDoS_HTTP": {
      "precision": 0.8305112608910077,
      "recall": 0.842,
      "f1": 0.8362161714805926,
      "support": 12000
    },
    "Password": {
      "precision": 0.8599225067385444,
      "recall": 0.85075,
      "f1": 0.8553116621983914,
      "support": 12000
    },
    "Vulnerability_scanner": {
      "precision": 0.0,
      "recall": 0.0,
      "f1": 0.0,
      "support": 0
    },
    "SQL_injection": {
      "precision": 0.0,
      "recall": 0.0,
      "f1": 0.0,
      "support": 0
    },
    "Uploading": {
      "precision": 0.0,
      "recall": 0.0,
      "f1": 0.0,
      "support": 0
    },
    "Backdoor": {
      "precision": 0.0,
      "recall": 0.0,
      "f1": 0.0,
      "support": 0
    },
    "Port_Scanning": {
      "precision": 0.0,
      "recall": 0.0,
      "f1": 0.0,
      "support": 0
    },
    "XSS": {
      "precision": 0.0,
      "recall": 0.0,
      "f1": 0.0,
      "support": 0
    },
    "Ransomware": {
      "precision": 0.0,
      "recall": 0.0,
      "f1": 0.0,
      "support": 0
    },
    "MITM": {
      "precision": 0.0,
      "recall": 0.0,
      "f1": 0.0,
      "support": 0
    },
    "OS_Fingerprinting": {
      "precision": 0.0,
      "recall": 0.0,
      "f1": 0.0,
      "support": 0
    }
  },
  "top_attack_types": [
    {
      "attack": "DDoS_ICMP",
      "count": 12000
    },
    {
      "attack": "DDoS_UDP",
      "count": 12000
    },
    {
      "attack": "DDoS_TCP",
      "count": 12000
    },
    {
      "attack": "DDoS_HTTP",
      "count": 12000
    },
    {
      "attack": "Password",
      "count": 12000
    }
  ],
  "top_confusions": [
    {
      "actual": "DDoS_ICMP",
      "predicted": "DDoS_HTTP",
      "count": 1951
    },
    {
      "actual": "DDoS_HTTP",
      "predicted": "Password",
      "count": 1591
    },
    {
      "actual": "Password",
      "predicted": "DDoS_TCP",
      "count": 1026
    },
    {
      "actual": "Password",
      "predicted": "DDoS_UDP",
      "count": 649
    },
    {
      "actual": "DDoS_TCP",
      "predicted": "Normal",
      "count": 629
    },
    {
      "actual": "DDoS_ICMP",
      "predicted": "Normal",
      "count": 285
    },
    {
      "actual": "DDoS_UDP",
      "predicted": "Normal",
      "count": 243
    },
    {
      "actual": "Normal",
      "predicted": "DDoS_TCP",
      "count": 213
    },
    {
      "actual": "DDoS_HTTP",
      "predicted": "DDoS_ICMP",
      "count": 207
    },
    {
      "actual": "Normal",
      "predicted": "DDoS_UDP",
      "count": 161
    },
    {
      "actual": "Password",
      "predicted": "DDoS_HTTP",
      "count": 111
    },
    {
      "actual": "DDoS_HTTP",
      "predicted": "Normal",
      "count": 98
    },
    {
      "actual": "DDoS_ICMP",
      "predicted": "Password",
      "count": 72
    },
    {
      "actual": "Password",
      "predicted": "Normal",
      "count": 5
    }
  ],
  "problematic_confusions": [
    {
      "actual": "DDoS_ICMP",
      "predicted": "DDoS_HTTP",
      "count": 1951,
      "rate": 0.1626
    },
    {
      "actual": "DDoS_HTTP",
      "predicted": "Password",
      "count": 1591,
      "rate": 0.1326
    }
  ],
  "confusion_matrix": {
    "labels": [
      "Normal",
      "DDoS_UDP",
      "DDoS_ICMP",
      "DDoS_TCP",
      "DDoS_HTTP",
      "Password",
      "Vulnerability_scanner",
      "SQL_injection",
      "Uploading",
      "Backdoor",
      "Port_Scanning",
      "XSS",
      "Ransomware",
      "MITM",
      "OS_Fingerprinting"
    ],
    "matrix": [
      [
        59626,
        161,
        0,
        213,
        0,
        0,
        0,
        0,
        0,
        0,
        0,
        0,
        0,
        0,
        0
      ],
      [
        243,
        11757,
        0,
        0,
        0,
        0,
        0,
        0,
        0,
        0,
        0,
        0,
        0,
        0,
        0
      ],
      [
        285,
        0,
        9692,
        0,
        1951,
        72,
        0,
        0,
        0,
        0,
        0,
        0,
        0,
        0,
        0
      ],
      [
        629,
        0,
        0,
        11371,
        0,
        0,
        0,
        0,
        0,
        0,
        0,
        0,
        0,
        0,
        0
      ],
      [
        98,
        0,
        207,
        0,
        10104,
        1591,
        0,
        0,
        0,
        0,
        0,
        0,
        0,
        0,
        0
      ],
      [
        5,
        649,
        0,
        1026,
        111,
        10209,
        0,
        0,
        0,
        0,
        0,
        0,
        0,
        0,
        0
      ],
      [
        0,
        0,
        0,
        0,
        0,
        0,
        0,
        0,
        0,
        0,
        0,
        0,
        0,
        0,
        0
      ],
      [
        0,
        0,
        0,
        0,
        0,
        0,
        0,
        0,
        0,
        0,
        0,
        0,
        0,
        0,
        0
      ],
      [
        0,
        0,
        0,
        0,
        0,
        0,
        0,
        0,
        0,
        0,
        0,
        0,
        0,
        0,
        0
      ],
      [
        0,
        0,
        0,
        0,
        0,
        0,
        0,
        0,
        0,
        0,
        0,
        0,
        0,
        0,
        0
      ],
      [
        0,
        0,
        0,
        0,
        0,
        0,
        0,
        0,
        0,
        0,
        0,
        0,
        0,
        0,
        0
      ],
      [
        0,
        0,
        0,
        0,
        0,
        0,
        0,
        0,
        0,
        0,
        0,
        0,
        0,
        0,
        0
      ],
      [
        0,
        0,
        0,
        0,
        0,
        0,
        0,
        0,
        0,
        0,
        0,
        0,
        0,
        0,
        0
      ],
      [
        0,
        0,
        0,
        0,
        0,
        0,
        0,
        0,
        0,
        0,
        0,
        0,
        0,
        0,
        0
      ],
      [
        0,
        0,
        0,
        0,
        0,
        0,
        0,
        0,
        0,
        0,
        0,
        0,
        0,
        0,
        0
      ]
    ]
  },