{
  "round": 13,
  "num_samples": 120000,
  "accuracy": 0.9683916666666667,
  "loss": 0.0015494213861141665,
  "class_distribution": {
    "Normal": 60000,
    "DDoS_UDP": 12000,
    "DDoS_ICMP": 12000,
    "DDoS_TCP": 12000,
    "DDoS_HTTP": 12000,
    "Password": 12000,
    "Vulnerability_scanner": 0,
    "SQL_injection": 0,
    "Uploading": 0,
    "Backdoor": 0,
    "Port_Scanning": 0,
    "XSS": 0,
    "Ransomware": 0,
    "MITM": 0,
    "OS_Fingerprinting": 0
  },
  "inactive_classes": [
    "Vulnerability_scanner",
    "SQL_injection",
    "Uploading",
    "Backdoor",
    "Port_Scanning",
    "XSS",
    "Ransomware",
    "MITM",
    "OS_Fingerprinting"
  ],
  "summary_metrics": {
    "accuracy": 0.9683916666666667,
    "macro_avg": {
      "precision": 0.38079155979068774,
      "recall": 0.3798344444444445,
      "f1": 0.37994659916543816,
      "support": 120000
    },
    "weighted_avg": {
      "precision": 0.9689257991778502,
      "recall": 0.9683916666666667,
      "f1": 0.9681086181994457,
      "support": 120000
    }
  },
  "per_class_metrics": {
    "Normal": {
      "precision": 0.9943461487295464,
      "recall": 0.9966,
      "f1": 0.9954717986282213,
      "support": 60000
    },
    "DDoS_UDP": {
      "precision": 0.9326130887610757,
      "recall": 0.9999166666666667,
      "f1": 0.9650928979329204,
      "support": 12000
    },
    "DDoS_ICMP": {
      "precision": 0.9783535311324697,
      "recall": 0.9755,
      "f1": 0.9769246818276653,
      "support": 12000
    },
    "DDoS_TCP": {
      "precision": 0.9730897009966777,
      "recall": 0.9763333333333334,
      "f1": 0.9747088186356073,
      "support": 12000
    },
    "DDoS_HTTP": {
      "precision": 0.9614542685828495,
      "recall": 0.8418333333333333,
      "f1": 0.8976762784911361,
      "support": 12000
    },
    "Password": {
      "precision": 0.8720166586576966,
      "recall": 0.9073333333333333,
      "f1": 0.8893245119660214,
      "support": 12000
    },
    "Vulnerability_scanner": {
      "precision": 0.0,
      "recall": 0.0,
      "f1": 0.0,
      "support": 0
    },
    "SQL_injection": {
      "precision": 0.0,
      "recall": 0.0,
      "f1": 0.0,
      "support": 0
    },
    "Uploading": {
      "precision": 0.0,
      "recall": 0.0,
      "f1": 0.0,
      "support": 0
    },
    "Backdoor": {
      "precision": 0.0,
      "recall": 0.0,
      "f1": 0.0,
      "support": 0
    },
    "Port_Scanning": {
      "precision": 0.0,
      "recall": 0.0,
      "f1": 0.0,
      "support": 0
    },
    "XSS": {
      "precision": 0.0,
      "recall": 0.0,
      "f1": 0.0,
      "support": 0
    },
    "Ransomware": {
      "precision": 0.0,
      "recall": 0.0,
      "f1": 0.0,
      "support": 0
    },
    "MITM": {
      "precision": 0.0,
      "recall": 0.0,
      "f1": 0.0,
      "support": 0
    },
    "OS_Fingerprinting": {
      "precision": 0.0,
      "recall": 0.0,
      "f1": 0.0,
      "support": 0
    }
  },
  "top_attack_types": [
    {
      "attack": "DDoS_ICMP",
      "count": 12000
    },
    {
      "attack": "DDoS_UDP",
      "count": 12000
    },
    {
      "attack": "DDoS_TCP",
      "count": 12000
    },
    {
      "attack": "DDoS_HTTP",
      "count": 12000
    },
    {
      "attack": "Password",
      "count": 12000
    }
  ],
  "top_confusions": [
    {
      "actual": "DDoS_HTTP",
      "predicted": "Password",
      "count": 1588
    },
    {
      "actual": "Password",
      "predicted": "DDoS_UDP",
      "count": 821
    },
    {
      "actual": "DDoS_ICMP",
      "predicted": "DDoS_HTTP",
      "count": 294
    },
    {
      "actual": "DDoS_TCP",
      "predicted": "Normal",
      "count": 284
    },
    {
      "actual": "DDoS_HTTP",
      "predicted": "DDoS_ICMP",
      "count": 259
    },
    {
      "actual": "Password",
      "predicted": "DDoS_TCP",
      "count": 176
    },
    {
      "actual": "Normal",
      "predicted": "DDoS_TCP",
      "count": 148
    },
    {
      "actual": "Password",
      "predicted": "DDoS_HTTP",
      "count": 111
    },
    {
      "actual": "DDoS_HTTP",
      "predicted": "Normal",
      "count": 51
    },
    {
      "actual": "Normal",
      "predicted": "DDoS_UDP",
      "count": 46
    },
    {
      "actual": "Normal",
      "predicted": "Password",
      "count": 10
    },
    {
      "actual": "Password",
      "predicted": "Normal",
      "count": 4
    },
    {
      "actual": "DDoS_UDP",
      "predicted": "Normal",
      "count": 1
    }
  ],
  "problematic_confusions": [
    {
      "actual": "DDoS_HTTP",
      "predicted": "Password",
      "count": 1588,
      "rate": 0.1323
    }
  ],
  "confusion_matrix": {
    "labels": [
      "Normal",
      "DDoS_UDP",
      "DDoS_ICMP",
      "DDoS_TCP",
      "DDoS_HTTP",
      "Password",
      "Vulnerability_scanner",
      "SQL_injection",
      "Uploading",
      "Backdoor",
      "Port_Scanning",
      "XSS",
      "Ransomware",
      "MITM",
      "OS_Fingerprinting"
    ],
    "matrix": [
      [
        59796,
        46,
        0,
        148,
        0,
        10,
        0,
        0,
        0,
        0,
        0,
        0,
        0,
        0,
        0
      ],
      [
        1,
        11999,
        0,
        0,
        0,
        0,
        0,
        0,
        0,
        0,
        0,
        0,
        0,
        0,
        0
      ],
      [
        0,
        0,
        11706,
        0,
        294,
        0,
        0,
        0,
        0,
        0,
        0,
        0,
        0,
        0,
        0
      ],
      [
        284,
        0,
        0,
        11716,
        0,
        0,
        0,
        0,
        0,
        0,
        0,
        0,
        0,
        0,
        0
      ],
      [
        51,
        0,
        259,
        0,
        10102,
        1588,
        0,
        0,
        0,
        0,
        0,
        0,
        0,
        0,
        0
      ],
      [
        4,
        821,
        0,
        176,
        111,
        10888,
        0,
        0,
        0,
        0,
        0,
        0,
        0,
        0,
        0
      ],
      [
        0,
        0,
        0,
        0,
        0,
        0,
        0,
        0,
        0,
        0,
        0,
        0,
        0,
        0,
        0
      ],
      [
        0,
        0,
        0,
        0,
        0,
        0,
        0,
        0,
        0,
        0,
        0,
        0,
        0,
        0,
        0
      ],
      [
        0,
        0,
        0,
        0,
        0,
        0,
        0,
        0,
        0,
        0,
        0,
        0,
        0,
        0,
        0
      ],
      [
        0,
        0,
        0,
        0,
        0,
        0,
        0,
        0,
        0,
        0,
        0,
        0,
        0,
        0,
        0
      ],
      [
        0,
        0,
        0,
        0,
        0,
        0,
        0,
        0,
        0,
        0,
        0,
        0,
        0,
        0,
        0
      ],
      [
        0,
        0,
        0,
        0,
        0,
        0,
        0,
        0,
        0,
        0,
        0,
        0,
        0,
        0,
        0
      ],
      [
        0,
        0,
        0,
        0,
        0,
        0,
        0,
        0,
        0,
        0,
        0,
        0,
        0,
        0,
        0
      ],
      [
        0,
        0,
        0,
        0,
        0,
        0,
        0,
        0,
        0,
        0,
        0,
        0,
        0,
        0,
        0
      ],
      [
        0,
        0,
        0,
        0,
        0,
        0,
        0,
        0,
        0,
        0,
        0,
        0,
        0,
        0,
        0
      ]
    ]
  },
  "risk_flags": {
    "low_recall_classes": [],
    "low_precision_classes": [],
    "thresholds": {
      "confusion_rate_threshold": 0.1,
      "recall_risk_threshold": 0.8,