{
  "timestamp": "2026-02-22T21:03:20.380892",
  "system_resources": {
    "cpu_percent": {
      "min": 0.0,
      "max": 99.5,
      "avg": 30.092268479184366,
      "count": 2354
    },
    "ram_percent": {
      "min": 24.6,
      "max": 51.4,
      "avg": 43.7142735768904,
      "count": 2354
    },
    "ram_mb": {
      "min": 7892.73046875,
      "max": 16502.1875,
      "avg": 14029.354718696899,
      "count": 2354
    },
    "gpu_util": {
      "min": 0.0,
      "max": 29.0,
      "avg": 1.0972812234494478,
      "count": 2354
    },
    "gpu_mem_util": {
      "min": 0.0,
      "max": 5.0,
      "avg": 0.1873406966864911,
      "count": 2354
    },
    "gpu_mem_mb": {
      "min": 224.0,
      "max": 540.4375,
      "avg": 492.74676083262534,
      "count": 2354
    },
    "gpu_power_w": {
      "min": 16.819,
      "max": 36.034,
      "avg": 30.00046389124894,
      "count": 2354
    }
  }
}