{
  "round": 12,
  "num_samples": 120000,
  "accuracy": 0.9663416666666667,
  "loss": 0.0017184386551380158,
  "class_distribution": {
    "Normal": 60000,
    "DDoS_UDP": 12000,
    "DDoS_ICMP": 12000,
    "DDoS_TCP": 12000,
    "DDoS_HTTP": 12000,
    "Password": 12000,
    "Vulnerability_scanner": 0,
    "SQL_injection": 0,
    "Uploading": 0,
    "Backdoor": 0,
    "Port_Scanning": 0,
    "XSS": 0,
    "Ransomware": 0,
    "MITM": 0,
    "OS_Fingerprinting": 0
  },
  "inactive_classes": [
    "Vulnerability_scanner",
    "SQL_injection",
    "Uploading",
    "Backdoor",
    "Port_Scanning",
    "XSS",
    "Ransomware",
    "MITM",
    "OS_Fingerprinting"
  ],
  "summary_metrics": {
    "accuracy": 0.9663416666666667,
    "macro_avg": {
      "precision": 0.37833721238414875,
      "recall": 0.3777922222222222,
      "f1": 0.3771874257073421,
      "support": 120000
    },
    "weighted_avg": {
      "precision": 0.9674858022295401,
      "recall": 0.9663416666666667,
      "f1": 0.9655977303359878,
      "support": 120000
    }
  },
  "per_class_metrics": {
    "Normal": {
      "precision": 0.9999499591332922,
      "recall": 0.9991333333333333,
      "f1": 0.999541479437437,
      "support": 60000
    },
    "DDoS_UDP": {
      "precision": 0.9128185621909471,
      "recall": 0.9999166666666667,
      "f1": 0.9543845694969179,
      "support": 12000
    },
    "DDoS_ICMP": {
      "precision": 0.9379396592152571,
      "recall": 1.0,
      "f1": 0.9679761232556263,
      "support": 12000
    },
    "DDoS_TCP": {
      "precision": 0.969227041434456,
      "recall": 1.0,
      "f1": 0.9843730773963332,
      "support": 12000
    },
    "DDoS_HTTP": {
      "precision": 0.9886726392750489,
      "recall": 0.8000833333333334,
      "f1": 0.8844364607802496,
      "support": 12000
    },
    "Password": {
      "precision": 0.8664503245132301,
      "recall": 0.86775,
      "f1": 0.8670996752435673,
      "support": 12000
    },
    "Vulnerability_scanner": {
      "precision": 0.0,
      "recall": 0.0,
      "f1": 0.0,
      "support": 0
    },
    "SQL_injection": {
      "precision": 0.0,
      "recall": 0.0,
      "f1": 0.0,
      "support": 0
    },
    "Uploading": {
      "precision": 0.0,
      "recall": 0.0,
      "f1": 0.0,
      "support": 0
    },
    "Backdoor": {
      "precision": 0.0,
      "recall": 0.0,
      "f1": 0.0,
      "support": 0
    },
    "Port_Scanning": {
      "precision": 0.0,
      "recall": 0.0,
      "f1": 0.0,
      "support": 0
    },
    "XSS": {
      "precision": 0.0,
      "recall": 0.0,
      "f1": 0.0,
      "support": 0
    },
    "Ransomware": {
      "precision": 0.0,
      "recall": 0.0,
      "f1": 0.0,
      "support": 0
    },
    "MITM": {
      "precision": 0.0,
      "recall": 0.0,
      "f1": 0.0,
      "support": 0
    },
    "OS_Fingerprinting": {
      "precision": 0.0,
      "recall": 0.0,
      "f1": 0.0,
      "support": 0
    }
  },
  "top_attack_types": [
    {
      "attack": "DDoS_ICMP",
      "count": 12000
    },
    {
      "attack": "DDoS_UDP",
      "count": 12000
    },
    {
      "attack": "DDoS_TCP",
      "count": 12000
    },
    {
      "attack": "DDoS_HTTP",
      "count": 12000
    },
    {
      "attack": "Password",
      "count": 12000
    }
  ],
  "top_confusions": [
    {
      "actual": "DDoS_HTTP",
      "predicted": "Password",
      "count": 1605
    },
    {
      "actual": "Password",
      "predicted": "DDoS_UDP",
      "count": 1137
    },
    {
      "actual": "DDoS_HTTP",
      "predicted": "DDoS_ICMP",
      "count": 794
    },
    {
      "actual": "Password",
      "predicted": "DDoS_TCP",
      "count": 337
    },
    {
      "actual": "Password",
      "predicted": "DDoS_HTTP",
      "count": 110
    },
    {
      "actual": "Normal",
      "predicted": "DDoS_TCP",
      "count": 43
    },
    {
      "actual": "Normal",
      "predicted": "DDoS_UDP",
      "count": 9
    },
    {
      "actual": "Password",
      "predicted": "Normal",
      "count": 3
    },
    {
      "actual": "DDoS_UDP",
      "predicted": "DDoS_TCP",
      "count": 1
    }
  ],
  "problematic_confusions": [
    {
      "actual": "DDoS_HTTP",
      "predicted": "Password",
      "count": 1605,
      "rate": 0.1338
    }
  ],
  "confusion_matrix": {
    "labels": [
      "Normal",
      "DDoS_UDP",
      "DDoS_ICMP",
      "DDoS_TCP",
      "DDoS_HTTP",
      "Password",
      "Vulnerability_scanner",
      "SQL_injection",
      "Uploading",
      "Backdoor",
      "Port_Scanning",
      "XSS",
      "Ransomware",
      "MITM",
      "OS_Fingerprinting"
    ],
    "matrix": [
      [
        59948,
        9,
        0,
        43,
        0,
        0,
        0,
        0,
        0,
        0,
        0,
        0,
        0,
        0,
        0
      ],
      [
        0,
        11999,
        0,
        1,
        0,
        0,
        0,
        0,
        0,
        0,
        0,
        0,
        0,
        0,
        0
      ],
      [
        0,
        0,
        12000,
        0,
        0,
        0,
        0,
        0,
        0,
        0,
        0,
        0,
        0,
        0,
        0
      ],
      [
        0,
        0,
        0,
        12000,
        0,
        0,
        0,
        0,
        0,
        0,
        0,
        0,
        0,
        0,
        0
      ],
      [
        0,
        0,
        794,
        0,
        9601,
        1605,
        0,
        0,
        0,
        0,
        0,
        0,
        0,
        0,
        0
      ],
      [
        3,
        1137,
        0,
        337,
        110,
        10413,
        0,
        0,
        0,
        0,
        0,
        0,
        0,
        0,
        0
      ],
      [
        0,
        0,
        0,
        0,
        0,
        0,
        0,
        0,
        0,
        0,
        0,
        0,
        0,
        0,
        0
      ],
      [
        0,
        0,
        0,
        0,
        0,
        0,
        0,
        0,
        0,
        0,
        0,
        0,
        0,
        0,
        0
      ],
      [
        0,
        0,
        0,
        0,
        0,
        0,
        0,
        0,
        0,
        0,
        0,
        0,
        0,
        0,
        0
      ],
      [
        0,
        0,
        0,
        0,
        0,
        0,
        0,
        0,
        0,
        0,
        0,
        0,
        0,
        0,
        0
      ],
      [
        0,
        0,
        0,
        0,
        0,
        0,
        0,
        0,
        0,
        0,
        0,
        0,
        0,
        0,
        0
      ],
      [
        0,
        0,
        0,
        0,
        0,
        0,
        0,
        0,
        0,
        0,
        0,
        0,
        0,
        0,
        0
      ],
      [
        0,
        0,
        0,
        0,
        0,
        0,
        0,
        0,
        0,
        0,
        0,
        0,
        0,
        0,
        0
      ],
      [
        0,
        0,
        0,
        0,
        0,
        0,
        0,
        0,
        0,
        0,
        0,
        0,
        0,
        0,
        0
      ],
      [
        0,
        0,
        0,
        0,
        0,
        0,
        0,
        0,
        0,
        0,
        0,
        0,
        0,
        0,
        0
      ]
    ]
  },
  "risk_flags": {
    "low_recall_classes": [],
    "low_precision_classes": [],
    "thresholds": {
      "confusion_rate_threshold": 0.1,
      "recall_risk_threshold": 0.8,
      "precision_risk_threshold": 0.8
    }
  }
}