{
  "round": 8,
  "num_samples": 120000,
  "accuracy": 0.9636416666666666,
  "loss": 0.0035697419023141266,
  "class_distribution": {
    "Normal": 60000,
    "DDoS_UDP": 12000,
    "DDoS_ICMP": 12000,
    "DDoS_TCP": 12000,
    "DDoS_HTTP": 12000,
    "Password": 12000,
    "Vulnerability_scanner": 0,
    "SQL_injection": 0,
    "Uploading": 0,
    "Backdoor": 0,
    "Port_Scanning": 0,
    "XSS": 0,
    "Ransomware": 0,
    "MITM": 0,
    "OS_Fingerprinting": 0
  },
  "inactive_classes": [
    "Vulnerability_scanner",
    "SQL_injection",
    "Uploading",
    "Backdoor",
    "Port_Scanning",
    "XSS",
    "Ransomware",
    "MITM",
    "OS_Fingerprinting"
  ],
  "summary_metrics": {
    "accuracy": 0.9636416666666666,
    "macro_avg": {
      "precision": 0.37676174687094016,
      "recall": 0.3765255555555555,
      "f1": 0.37567210111877586,
      "support": 120000
    },
    "weighted_avg": {
      "precision": 0.9651426203064102,
      "recall": 0.9636416666666666,
      "f1": 0.9629339953874804,
      "support": 120000
    }
  },
  "per_class_metrics": {
    "Normal": {
      "precision": 1.0,
      "recall": 0.9971333333333333,
      "f1": 0.9985646092732917,
      "support": 60000
    },
    "DDoS_UDP": {
      "precision": 0.8871719038817005,
      "recall": 0.9999166666666667,
      "f1": 0.9401762977473066,
      "support": 12000
    },
    "DDoS_ICMP": {
      "precision": 0.9366219169528567,
      "recall": 1.0,
      "f1": 0.967273899725939,
      "support": 12000
    },
    "DDoS_TCP": {
      "precision": 0.9746588693957114,
      "recall": 1.0,
      "f1": 0.9871668311944719,
      "support": 12000
    },
    "DDoS_HTTP": {
      "precision": 0.9886714727085479,
      "recall": 0.8,
      "f1": 0.8843850760018425,
      "support": 12000
    },
    "Password": {
      "precision": 0.8643020401252857,
      "recall": 0.8508333333333333,
      "f1": 0.8575148028387856,
      "support": 12000
    },
    "Vulnerability_scanner": {
      "precision": 0.0,
      "recall": 0.0,
      "f1": 0.0,
      "support": 0
    },
    "SQL_injection": {
      "precision": 0.0,
      "recall": 0.0,
      "f1": 0.0,
      "support": 0
    },
    "Uploading": {
      "precision": 0.0,
      "recall": 0.0,
      "f1": 0.0,
      "support": 0
    },
    "Backdoor": {
      "precision": 0.0,
      "recall": 0.0,
      "f1": 0.0,
      "support": 0
    },
    "Port_Scanning": {
      "precision": 0.0,
      "recall": 0.0,
      "f1": 0.0,
      "support": 0
    },
    "XSS": {
      "precision": 0.0,
      "recall": 0.0,
      "f1": 0.0,
      "support": 0
    },
    "Ransomware": {
      "precision": 0.0,
      "recall": 0.0,
      "f1": 0.0,
      "support": 0
    },
    "MITM": {
      "precision": 0.0,
      "recall": 0.0,
      "f1": 0.0,
      "support": 0
    },
    "OS_Fingerprinting": {
      "precision": 0.0,
      "recall": 0.0,
      "f1": 0.0,
      "support": 0
    }
  },
  "top_attack_types": [
    {
      "attack": "DDoS_ICMP",
      "count": 12000
    },
    {
      "attack": "DDoS_UDP",
      "count": 12000
    },
    {
      "attack": "DDoS_TCP",
      "count": 12000
    },
    {
      "attack": "DDoS_HTTP",
      "count": 12000
    },
    {
      "attack": "Password",
      "count": 12000
    }
  ],
  "top_confusions": [
    {
      "actual": "DDoS_HTTP",
      "predicted": "Password",
      "count": 1603
    },
    {
      "actual": "Password",
      "predicted": "DDoS_UDP",
      "count": 1517
    },
    {
      "actual": "DDoS_HTTP",
      "predicted": "DDoS_ICMP",
      "count": 797
    },
    {
      "actual": "Normal",
      "predicted": "DDoS_TCP",
      "count": 163
    },
    {
      "actual": "Password",
      "predicted": "DDoS_TCP",
      "count": 148
    },
    {
      "actual": "Password",
      "predicted": "DDoS_HTTP",
      "count": 110
    },
    {
      "actual": "Password",
      "predicted": "DDoS_ICMP",
      "count": 15
    },
    {
      "actual": "Normal",
      "predicted": "DDoS_UDP",
      "count": 9
    },
    {
      "actual": "DDoS_UDP",
      "predicted": "DDoS_TCP",
      "count": 1
    }
  ],
  "problematic_confusions": [
    {
      "actual": "DDoS_HTTP",
      "predicted": "Password",
      "count": 1603,
      "rate": 0.1336
    },
    {
      "actual": "Password",
      "predicted": "DDoS_UDP",
      "count": 1517,
      "rate": 0.1264
    }
  ],
  "confusion_matrix": {
    "labels": [
      "Normal",
      "DDoS_UDP",
      "DDoS_ICMP",
      "DDoS_TCP",
      "DDoS_HTTP",
      "Password",
      "Vulnerability_scanner",
      "SQL_injection",
      "Uploading",
      "Backdoor",
      "Port_Scanning",
      "XSS",
      "Ransomware",
      "MITM",
      "OS_Fingerprinting"
    ],
    "matrix": [
      [
        59828,
        9,
        0,
        163,
        0,
        0,
        0,
        0,
        0,
        0,
        0,
        0,
        0,
        0,
        0
      ],
      [
        0,
        11999,
        0,
        1,
        0,
        0,
        0,
        0,
        0,
        0,
        0,
        0,
        0,
        0,
        0
      ],
      [
        0,
        0,
        12000,
        0,
        0,
        0,
        0,
        0,
        0,
        0,
        0,
        0,
        0,
        0,
        0
      ],
      [
        0,
        0,
        0,
        12000,
        0,
        0,
        0,
        0,
        0,
        0,
        0,
        0,
        0,
        0,
        0
      ],
      [
        0,
        0,
        797,
        0,
        9600,
        1603,
        0,
        0,
        0,
        0,
        0,
        0,
        0,
        0,
        0
      ],
      [
        0,
        1517,
        15,
        148,
        110,
        10210,
        0,
        0,
        0,
        0,
        0,
        0,
        0,
        0,
        0
      ],
      [
        0,
        0,
        0,
        0,
        0,
        0,
        0,
        0,
        0,
        0,
        0,
        0,
        0,
        0,
        0
      ],
      [
        0,
        0,
        0,
        0,
        0,
        0,
        0,
        0,
        0,
        0,
        0,
        0,
        0,
        0,
        0
      ],
      [
        0,
        0,
        0,
        0,
        0,
        0,
        0,
        0,
        0,
        0,
        0,
        0,
        0,
        0,
        0
      ],
      [
        0,
        0,
        0,
        0,
        0,
        0,
        0,
        0,
        0,
        0,
        0,
        0,
        0,
        0,
        0
      ],
      [
        0,
        0,
        0,
        0,
        0,
        0,
        0,
        0,
        0,
        0,
        0,
        0,
        0,
        0,
        0
      ],
      [
        0,
        0,
        0,
        0,
        0,
        0,
        0,
        0,
        0,
        0,
        0,
        0,
        0,
        0,
        0
      ],
      [
        0,
        0,
        0,
        0,
        0,
        0,
        0,
        0,
        0,
        0,
        0,
        0,
        0,
        0,
        0
      ],
      [
        0,
        0,
        0,
        0,
        0,
        0,
        0,
        0,
        0,
        0,
        0,
        0,
        0,
        0,
        0
      ],
      [
        0,
        0,
        0,
        0,
        0,
        0,
        0,
        0,
        0,
        0,
        0,
        0,
        0,
        0,
        0
      ]
    ]
  },
  "risk_flags": {
    "low_recall_classes": [],
    "low_precision_classes": [],
    "thresholds": {
      "confusion_rate_threshold": 0.1,
      "recall_risk_threshold": 0.8,
      "precision_risk_threshold": 0.8
    }
  }
}