{
  "round": 30,
  "num_samples": 120000,
  "accuracy": 0.9734,
  "loss": 0.0011551736842646885,
  "class_distribution": {
    "Normal": 60000,
    "DDoS_UDP": 12000,
    "DDoS_ICMP": 12000,
    "DDoS_TCP": 12000,
    "DDoS_HTTP": 12000,
    "Password": 12000,
    "Vulnerability_scanner": 0,
    "SQL_injection": 0,
    "Uploading": 0,
    "Backdoor": 0,
    "Port_Scanning": 0,
    "XSS": 0,
    "Ransomware": 0,
    "MITM": 0,
    "OS_Fingerprinting": 0
  },
  "inactive_classes": [
    "Vulnerability_scanner",
    "SQL_injection",
    "Uploading",
    "Backdoor",
    "Port_Scanning",
    "XSS",
    "Ransomware",
    "MITM",
    "OS_Fingerprinting"
  ],
  "summary_metrics": {
    "accuracy": 0.9734,
    "macro_avg": {
      "precision": 0.3831371512949253,
      "recall": 0.38248444444444446,
      "f1": 0.3819767059929608,
      "support": 120000
    },
    "weighted_avg": {
      "precision": 0.9746857115972901,
      "recall": 0.9734,
      "f1": 0.9727916591861834,
      "support": 120000
    }
  },
  "per_class_metrics": {
    "Normal": {
      "precision": 0.9999499616372552,
      "recall": 0.9991833333333333,
      "f1": 0.9995665004918552,
      "support": 60000
    },
    "DDoS_UDP": {
      "precision": 0.9591526778577139,
      "recall": 0.9999166666666667,
      "f1": 0.9791105671154631,
      "support": 12000
    },
    "DDoS_ICMP": {
      "precision": 0.9378663540445487,
      "recall": 1.0,
      "f1": 0.9679370840895342,
      "support": 12000
    },
    "DDoS_TCP": {
      "precision": 0.9861932938856016,
      "recall": 1.0,
      "f1": 0.9930486593843099,
      "support": 12000
    },
    "DDoS_HTTP": {
      "precision": 0.9886714727085479,
      "recall": 0.8,
      "f1": 0.8843850760018425,
      "support": 12000
    },
    "Password": {
      "precision": 0.8752235092902122,
      "recall": 0.9381666666666667,
      "f1": 0.9056027028114065,
      "support": 12000
    },
    "Vulnerability_scanner": {
      "precision": 0.0,
      "recall": 0.0,
      "f1": 0.0,
      "support": 0
    },
    "SQL_injection": {
      "precision": 0.0,
      "recall": 0.0,
      "f1": 0.0,
      "support": 0
    },
    "Uploading": {
      "precision": 0.0,
      "recall": 0.0,
      "f1": 0.0,
      "support": 0
    },
    "Backdoor": {
      "precision": 0.0,
      "recall": 0.0,
      "f1": 0.0,
      "support": 0
    },
    "Port_Scanning": {
      "precision": 0.0,
      "recall": 0.0,
      "f1": 0.0,
      "support": 0
    },
    "XSS": {
      "precision": 0.0,
      "recall": 0.0,
      "f1": 0.0,
      "support": 0
    },
    "Ransomware": {
      "precision": 0.0,
      "recall": 0.0,
      "f1": 0.0,
      "support": 0
    },
    "MITM": {
      "precision": 0.0,
      "recall": 0.0,
      "f1": 0.0,
      "support": 0
    },
    "OS_Fingerprinting": {
      "precision": 0.0,
      "recall": 0.0,
      "f1": 0.0,
      "support": 0
    }
  },
  "top_attack_types": [
    {
      "attack": "DDoS_ICMP",
      "count": 12000
    },
    {
      "attack": "DDoS_UDP",
      "count": 12000
    },
    {
      "attack": "DDoS_TCP",
      "count": 12000
    },
    {
      "attack": "DDoS_HTTP",
      "count": 12000
    },
    {
      "attack": "Password",
      "count": 12000
    }
  ],
  "top_confusions": [
    {
      "actual": "DDoS_HTTP",
      "predicted": "Password",
      "count": 1605
    },
    {
      "actual": "DDoS_HTTP",
      "predicted": "DDoS_ICMP",
      "count": 795
    },
    {
      "actual": "Password",
      "predicted": "DDoS_UDP",
      "count": 502
    },
    {
      "actual": "Password",
      "predicted": "DDoS_TCP",
      "count": 127
    },
    {
      "actual": "Password",
      "predicted": "DDoS_HTTP",
      "count": 110
    },
    {
      "actual": "Normal",
      "predicted": "DDoS_TCP",
      "count": 40
    },
    {
      "actual": "Normal",
      "predicted": "DDoS_UDP",
      "count": 9
    },
    {
      "actual": "Password",
      "predicted": "Normal",
      "count": 3
    },
    {
      "actual": "DDoS_UDP",
      "predicted": "DDoS_TCP",
      "count": 1
    }
  ],
  "problematic_confusions": [
    {
      "actual": "DDoS_HTTP",
      "predicted": "Password",
      "count": 1605,
      "rate": 0.1338
    }
  ],
  "confusion_matrix": {
    "labels": [
      "Normal",
      "DDoS_UDP",
      "DDoS_ICMP",
      "DDoS_TCP",
      "DDoS_HTTP",
      "Password",
      "Vulnerability_scanner",
      "SQL_injection",
      "Uploading",
      "Backdoor",
      "Port_Scanning",
      "XSS",
      "Ransomware",
      "MITM",
      "OS_Fingerprinting"
    ],
    "matrix": [
      [
        59951,
        9,
        0,
        40,
        0,
        0,
        0,
        0,
        0,
        0,
        0,
        0,
        0,
        0,
        0
      ],
      [
        0,
        11999,
        0,
        1,
        0,
        0,
        0,
        0,
        0,
        0,
        0,
        0,
        0,
        0,
        0
      ],
      [
        0,
        0,
        12000,
        0,
        0,
        0,
        0,
        0,
        0,
        0,
        0,
        0,
        0,
        0,
        0
      ],
      [
        0,
        0,
        0,
        12000,
        0,
        0,
        0,
        0,
        0,
        0,
        0,
        0,
        0,
        0,
        0
      ],
      [
        0,
        0,
        795,
        0,
        9600,
        1605,
        0,
        0,
        0,
        0,
        0,
        0,
        0,
        0,
        0
      ],
      [
        3,
        502,
        0,
        127,
        110,
        11258,
        0,
        0,
        0,
        0,
        0,
        0,
        0,
        0,
        0
      ],
      [
        0,
        0,
        0,
        0,
        0,
        0,
        0,
        0,
        0,
        0,
        0,
        0,
        0,
        0,
        0
      ],
      [
        0,
        0,
        0,
        0,
        0,
        0,
        0,
        0,
        0,
        0,
        0,
        0,
        0,
        0,
        0
      ],
      [
        0,
        0,
        0,
        0,
        0,
        0,
        0,
        0,
        0,
        0,
        0,
        0,
        0,
        0,
        0
      ],
      [
        0,
        0,
        0,
        0,
        0,
        0,
        0,
        0,
        0,
        0,
        0,
        0,
        0,
        0,
        0
      ],
      [
        0,
        0,
        0,
        0,
        0,
        0,
        0,
        0,
        0,
        0,
        0,
        0,
        0,
        0,
        0
      ],
      [
        0,
        0,
        0,
        0,
        0,
        0,
        0,
        0,
        0,
        0,
        0,
        0,
        0,
        0,
        0
      ],
      [
        0,
        0,
        0,
        0,
        0,
        0,
        0,
        0,
        0,
        0,
        0,
        0,
        0,
        0,
        0
      ],
      [
        0,
        0,
        0,
        0,
        0,
        0,
        0,
        0,
        0,
        0,
        0,
        0,
        0,
        0,
        0
      ],
      [
        0,
        0,
        0,
        0,
        0,
        0,
        0,
        0,
        0,
        0,
        0,
        0,
        0,
        0,
        0
      ]
    ]
  },
  "risk_flags": {
    "low_recall_classes": [],
    "low_precision_classes": [],
    "thresholds": {
      "confusion_rate_threshold": 0.1,
      "recall_risk_threshold": 0.8,
      "precision_risk_threshold": 0.8
    }
  }
}