{
  "time": "40m 27.23s",
  "system_resources": {
    "cpu_percent": {
      "min": 0.0,
      "max": 98.6,
      "avg": 23.17207759060745,
      "count": 1959
    },
    "ram_percent": {
      "min": 24.3,
      "max": 49.4,
      "avg": 41.87764165390505,
      "count": 1959
    },
    "ram_mb": {
      "min": 7812.06640625,
      "max": 15842.56640625,
      "avg": 13439.837512761613,
      "count": 1959
    },
    "gpu_util": {
      "min": 0.0,
      "max": 6.0,
      "avg": 0.24808575803981622,
      "count": 1959
    },
    "gpu_mem_util": {
      "min": 0.0,
      "max": 1.0,
      "avg": 0.0010209290454313426,
      "count": 1959
    },
    "gpu_mem_mb": {
      "min": 224.0,
      "max": 480.4375,
      "avg": 438.1309022460439,
      "count": 1959
    },
    "gpu_power_w": {
      "min": 17.223,
      "max": 31.52,
      "avg": 29.03876824910669,
      "count": 1959
    }
  }
}