{
  "round": 27,
  "num_samples": 120000,
  "accuracy": 0.8265666666666667,
  "loss": 0.00568422767482698,
  "class_distribution": {
    "Normal": 60006,
    "DDoS_UDP": 5454,
    "DDoS_ICMP": 5454,
    "DDoS_TCP": 5454,
    "DDoS_HTTP": 5454,
    "Password": 5454,
    "Vulnerability_scanner": 5454,
    "SQL_injection": 5454,
    "Uploading": 5454,
    "Backdoor": 5454,
    "Port_Scanning": 5454,
    "XSS": 5454,
    "Ransomware": 0,
    "MITM": 0,
    "OS_Fingerprinting": 0
  },
  "inactive_classes": [
    "Ransomware",
    "MITM",
    "OS_Fingerprinting"
  ],
  "summary_metrics": {
    "accuracy": 0.8265666666666667,
    "macro_avg": {
      "precision": 0.5610389974894708,
      "recall": 0.5461612939060573,
      "f1": 0.533343443933797,
      "support": 120000
    },
    "weighted_avg": {
      "precision": 0.8370883365384469,
      "recall": 0.8265666666666667,
      "f1": 0.8180174162342546,
      "support": 120000
    }
  },
  "per_class_metrics": {
    "Normal": {
      "precision": 1.0,
      "recall": 0.9991667499916675,
      "f1": 0.9995832013470932,
      "support": 60006
    },
    "DDoS_UDP": {
      "precision": 0.5872093023255814,
      "recall": 0.7222222222222222,
      "f1": 0.6477553034040454,
      "support": 5454
    },
    "DDoS_ICMP": {
      "precision": 0.38848049814062097,
      "recall": 0.8236156949028236,
      "f1": 0.5279426455897044,
      "support": 5454
    },
    "DDoS_TCP": {
      "precision": 0.920959297415977,
      "recall": 0.9998166483314999,
      "f1": 0.9587692307692308,
      "support": 5454
    },
    "DDoS_HTTP": {
      "precision": 0.8343483556638246,
      "recall": 0.7535753575357536,
      "f1": 0.791907514450867,
      "support": 5454
    },
    "Password": {
      "precision": 0.6605092361457813,
      "recall": 0.24257425742574257,
      "f1": 0.35483438380045595,
      "support": 5454
    },
    "Vulnerability_scanner": {
      "precision": 1.0,
      "recall": 0.9765309864319766,
      "f1": 0.9881261595547309,
      "support": 5454
    },
    "SQL_injection": {
      "precision": 0.42597147073290703,
      "recall": 0.15878254492115879,
      "f1": 0.2313343128088687,
      "support": 5454
    },
    "Uploading": {
      "precision": 0.63202416918429,
      "recall": 0.38357169050238354,
      "f1": 0.47740757644910997,
      "support": 5454
    },
    "Backdoor": {
      "precision": 0.9021819526627219,
      "recall": 0.8945727906123946,
      "f1": 0.8983612594365679,
      "support": 5454
    },
    "Port_Scanning": {
      "precision": 0.5560718057022175,
      "recall": 0.4827649431609828,
      "f1": 0.5168318775149672,
      "support": 5454
    },
    "XSS": {
      "precision": 0.5078288743681421,
      "recall": 0.7552255225522553,
      "f1": 0.6072981938813122,
      "support": 5454
    },
    "Ransomware": {
      "precision": 0.0,
      "recall": 0.0,
      "f1": 0.0,
      "support": 0
    },
    "MITM": {
      "precision": 0.0,
      "recall": 0.0,
      "f1": 0.0,
      "support": 0
    },
    "OS_Fingerprinting": {
      "precision": 0.0,
      "recall": 0.0,
      "f1": 0.0,
      "support": 0
    }
  },
  "top_attack_types": [
    {
      "attack": "SQL_injection",
      "count": 5454
    },
    {
      "attack": "Vulnerability_scanner",
      "count": 5454
    },
    {
      "attack": "Password",
      "count": 5454
    },
    {
      "attack": "Uploading",
      "count": 5454
    },
    {
      "attack": "DDoS_HTTP",
      "count": 5454
    },
    {
      "attack": "DDoS_TCP",
      "count": 5454
    },
    {
      "attack": "DDoS_UDP",
      "count": 5454
    },
    {
      "attack": "DDoS_ICMP",
      "count": 5454
    },
    {
      "attack": "XSS",
      "count": 5454
    },
    {
      "attack": "Port_Scanning",
      "count": 5454
    },
    {
      "attack": "Backdoor",
      "count": 5454
    }
  ],
  "top_confusions": [
    {
      "actual": "SQL_injection",
      "predicted": "DDoS_ICMP",
      "count": 3987
    },
    {
      "actual": "Password",
      "predicted": "XSS",
      "count": 3299
    },
    {
      "actual": "Uploading",
      "predicted": "DDoS_ICMP",
      "count": 2998
    },
    {
      "actual": "Port_Scanning",
      "predicted": "DDoS_UDP",
      "count": 2634
    },
    {
      "actual": "DDoS_UDP",
      "predicted": "Port_Scanning",
      "count": 1515
    },
    {
      "actual": "XSS",
      "predicted": "DDoS_HTTP",
      "count": 722
    },
    {
      "actual": "DDoS_HTTP",
      "predicted": "XSS",
      "count": 693
    },
    {
      "actual": "DDoS_ICMP",
      "predicted": "Uploading",
      "count": 643
    },
    {
      "actual": "XSS",
      "predicted": "Password",
      "count": 613
    },
    {
      "actual": "SQL_injection",
      "predicted": "Uploading",
      "count": 561
    },
    {
      "actual": "Password",
      "predicted": "Backdoor",
      "count": 529
    },
    {
      "actual": "DDoS_HTTP",
      "predicted": "SQL_injection",
      "count": 484
    },
    {
      "actual": "Uploading",
      "predicted": "SQL_injection",
      "count": 364
    }
  ],
  "problematic_confusions": [
    {
      "actual": "SQL_injection",
      "predicted": "DDoS_ICMP",
      "count": 3987,
      "rate": 0.731
    },
    {
      "actual": "Password",
      "predicted": "XSS",
      "count": 3299,
      "rate": 0.6049
    },
    {
      "actual": "Uploading",
      "predicted": "DDoS_ICMP",
      "count": 2998,
      "rate": 0.5497
    },
    {
      "actual": "Port_Scanning",
      "predicted": "DDoS_UDP",
      "count": 2634,
      "rate": 0.4829
    },
    {
      "actual": "DDoS_UDP",
      "predicted": "Port_Scanning",
      "count": 1515,
      "rate": 0.2778
    },
    {
      "actual": "XSS",
      "predicted": "DDoS_HTTP",
      "count": 722,
      "rate": 0.1324
    },
    {
      "actual": "DDoS_HTTP",
      "predicted": "XSS",
      "count": 693,
      "rate": 0.1271
    },
    {
      "actual": "DDoS_ICMP",
      "predicted": "Uploading",
      "count": 643,
      "rate": 0.1179
    },
    {
      "actual": "XSS",
      "predicted": "Password",
      "count": 613,
      "rate": 0.1124
    },
    {
      "actual": "SQL_injection",
      "predicted": "Uploading",
      "count": 561,
      "rate": 0.1029
    }
  ],
  "confusion_matrix": {
    "labels": [
      "Normal",
      "DDoS_UDP",
      "DDoS_ICMP",
      "DDoS_TCP",
      "DDoS_HTTP",
      "Password",
      "Vulnerability_scanner",
      "SQL_injection",
      "Uploading",
      "Backdoor",
      "Port_Scanning",
      "XSS",
      "Ransomware",
      "MITM",
      "OS_Fingerprinting"
    ],