{
  "round": 26,
  "num_samples": 120000,
  "accuracy": 0.8246083333333334,
  "loss": 0.005708965310330192,
  "class_distribution": {
    "Normal": 60006,
    "DDoS_UDP": 5454,
    "DDoS_ICMP": 5454,
    "DDoS_TCP": 5454,
    "DDoS_HTTP": 5454,
    "Password": 5454,
    "Vulnerability_scanner": 5454,
    "SQL_injection": 5454,
    "Uploading": 5454,
    "Backdoor": 5454,
    "Port_Scanning": 5454,
    "XSS": 5454,
    "Ransomware": 0,
    "MITM": 0,
    "OS_Fingerprinting": 0
  },
  "inactive_classes": [
    "Ransomware",
    "MITM",
    "OS_Fingerprinting"
  ],
  "summary_metrics": {
    "accuracy": 0.8246083333333334,
    "macro_avg": {
      "precision": 0.5546456197977411,
      "recall": 0.5432887844328878,
      "f1": 0.5297808230364126,
      "support": 120000
    },
    "weighted_avg": {
      "precision": 0.83272965129711,
      "recall": 0.8246083333333334,
      "f1": 0.815588599437463,
      "support": 120000
    }
  },
  "per_class_metrics": {
    "Normal": {
      "precision": 1.0,
      "recall": 0.9991667499916675,
      "f1": 0.9995832013470932,
      "support": 60006
    },
    "DDoS_UDP": {
      "precision": 0.577260755048288,
      "recall": 0.7233223322332233,
      "f1": 0.64208984375,
      "support": 5454
    },
    "DDoS_ICMP": {
      "precision": 0.39246979984128383,
      "recall": 0.8160982764943161,
      "f1": 0.5300387019946413,
      "support": 5454
    },
    "DDoS_TCP": {
      "precision": 0.920959297415977,
      "recall": 0.9998166483314999,
      "f1": 0.9587692307692308,
      "support": 5454
    },
    "DDoS_HTTP": {
      "precision": 0.820385455990463,
      "recall": 0.757059039237257,
      "f1": 0.7874511299704396,
      "support": 5454
    },
    "Password": {
      "precision": 0.6605092361457813,
      "recall": 0.24257425742574257,
      "f1": 0.35483438380045595,
      "support": 5454
    },
    "Vulnerability_scanner": {
      "precision": 1.0,
      "recall": 0.9756142280894756,
      "f1": 0.9876566125290023,
      "support": 5454
    },
    "SQL_injection": {
      "precision": 0.36003683241252304,
      "recall": 0.14338100476714338,
      "f1": 0.2050878573301862,
      "support": 5454
    },
    "Uploading": {
      "precision": 0.6337085488287192,
      "recall": 0.38192152548588193,
      "f1": 0.4766045074934218,
      "support": 5454
    },
    "Backdoor": {
      "precision": 0.9013486052096804,
      "recall": 0.8945727906123946,
      "f1": 0.8979479157081071,
      "support": 5454
    },
    "Port_Scanning": {
      "precision": 0.5452375786504665,
      "recall": 0.46076274294096076,
      "f1": 0.49945344330716485,
      "support": 5454
    },
    "XSS": {
      "precision": 0.5077681874229346,
      "recall": 0.755042170883755,
      "f1": 0.6071955175464465,
      "support": 5454
    },
    "Ransomware": {
      "precision": 0.0,
      "recall": 0.0,
      "f1": 0.0,
      "support": 0
    },
    "MITM": {
      "precision": 0.0,
      "recall": 0.0,
      "f1": 0.0,
      "support": 0
    },
    "OS_Fingerprinting": {
      "precision": 0.0,
      "recall": 0.0,
      "f1": 0.0,
      "support": 0
    }
  },
  "top_attack_types": [
    {
      "attack": "SQL_injection",
      "count": 5454
    },
    {
      "attack": "Vulnerability_scanner",
      "count": 5454
    },
    {
      "attack": "Password",
      "count": 5454
    },
    {
      "attack": "Uploading",
      "count": 5454
    },
    {
      "attack": "DDoS_HTTP",
      "count": 5454
    },
    {
      "attack": "DDoS_TCP",
      "count": 5454
    },
    {
      "attack": "DDoS_UDP",
      "count": 5454
    },
    {
      "attack": "DDoS_ICMP",
      "count": 5454
    },
    {
      "attack": "XSS",
      "count": 5454
    },
    {
      "attack": "Port_Scanning",
      "count": 5454
    },
    {
      "attack": "Backdoor",
      "count": 5454
    }
  ],
  "top_confusions": [
    {
      "actual": "SQL_injection",
      "predicted": "DDoS_ICMP",
      "count": 3984
    },
    {
      "actual": "Password",
      "predicted": "XSS",
      "count": 3299
    },
    {
      "actual": "Uploading",
      "predicted": "DDoS_ICMP",
      "count": 2820
    },
    {
      "actual": "Port_Scanning",
      "predicted": "DDoS_UDP",
      "count": 2754
    },
    {
      "actual": "DDoS_UDP",
      "predicted": "Port_Scanning",
      "count": 1509
    },
    {
      "actual": "XSS",
      "predicted": "DDoS_HTTP",
      "count": 723
    },
    {
      "actual": "DDoS_HTTP",
      "predicted": "XSS",
      "count": 693
    },
    {
      "actual": "DDoS_ICMP",
      "predicted": "Uploading",
      "count": 629
    },
    {
      "actual": "XSS",
      "predicted": "Password",
      "count": 613
    },
    {
      "actual": "SQL_injection",
      "predicted": "Uploading",
      "count": 561
    },
    {
      "actual": "Uploading",
      "predicted": "SQL_injection",
      "count": 551
    },
    {
      "actual": "Password",
      "predicted": "Backdoor",
      "count": 534
    },
    {
      "actual": "DDoS_HTTP",
      "predicted": "SQL_injection",
      "count": 465
    }
  ],
  "problematic_confusions": [
    {
      "actual": "SQL_injection",
      "predicted": "DDoS_ICMP",
      "count": 3984,
      "rate": 0.7305
    },
    {
      "actual": "Password",
      "predicted": "XSS",
      "count": 3299,
      "rate": 0.6049
    },
    {
      "actual": "Uploading",
      "predicted": "DDoS_ICMP",
      "count": 2820,
      "rate": 0.5171
    },
    {
      "actual": "Port_Scanning",
      "predicted": "DDoS_UDP",
      "count": 2754,
      "rate": 0.505
    },
    {
      "actual": "DDoS_UDP",
      "predicted": "Port_Scanning",
      "count": 1509,
      "rate": 0.2767
    },
    {
      "actual": "XSS",
      "predicted": "DDoS_HTTP",
      "count": 723,
      "rate": 0.1326
    },
    {
      "actual": "DDoS_HTTP",
      "predicted": "XSS",
      "count": 693,
      "rate": 0.1271
    },
    {
      "actual": "DDoS_ICMP",
      "predicted": "Uploading",
      "count": 629,
      "rate": 0.1153
    },
    {
      "actual": "XSS",
      "predicted": "Password",
      "count": 613,
      "rate": 0.1124
    },
    {
      "actual": "SQL_injection",
      "predicted": "Uploading",
      "count": 561,
      "rate": 0.1029
    },
    {
      "actual": "Uploading",
      "predicted": "SQL_injection",
      "count": 551,
      "rate": 0.101
    }
  ],
  "confusion_matrix": {
    "labels": [
      "Normal",
      "DDoS_UDP",
      "DDoS_ICMP",
      "DDoS_TCP",
      "DDoS_HTTP",
      "Password",
      "Vulnerability_scanner",
      "SQL_injection",
      "Uploading",
      "Backdoor",
      "Port_Scanning",
      "XSS",
      "Ransomware",
      "MITM",
      "OS_Fingerprinting"
    ],