{
  "round": 16,
  "num_samples": 120000,
  "accuracy": 0.8182666666666667,
  "loss": 0.006375644797459245,
  "class_distribution": {
    "Normal": 60006,
    "DDoS_UDP": 5454,
    "DDoS_ICMP": 5454,
    "DDoS_TCP": 5454,
    "DDoS_HTTP": 5454,
    "Password": 5454,
    "Vulnerability_scanner": 5454,
    "SQL_injection": 5454,
    "Uploading": 5454,
    "Backdoor": 5454,
    "Port_Scanning": 5454,
    "XSS": 5454,
    "Ransomware": 0,
    "MITM": 0,
    "OS_Fingerprinting": 0
  },
  "inactive_classes": [
    "Ransomware",
    "MITM",
    "OS_Fingerprinting"
  ],
  "summary_metrics": {
    "accuracy": 0.8182666666666667,
    "macro_avg": {
      "precision": 0.5879258549441967,
      "recall": 0.5340089680067563,
      "f1": 0.5145339560703361,
      "support": 120000
    },
    "weighted_avg": {
      "precision": 0.8554184516082061,
      "recall": 0.8182666666666667,
      "f1": 0.8051864655312786,
      "support": 120000
    }
  },
  "per_class_metrics": {
    "Normal": {
      "precision": 1.0,
      "recall": 0.9991334199913342,
      "f1": 0.9995665221740581,
      "support": 60006
    },
    "DDoS_UDP": {
      "precision": 0.5548360987454471,
      "recall": 0.7541254125412541,
      "f1": 0.639309862438797,
      "support": 5454
    },
    "DDoS_ICMP": {
      "precision": 1.0,
      "recall": 0.06563989732306565,
      "f1": 0.1231933929800413,
      "support": 5454
    },
    "DDoS_TCP": {
      "precision": 0.8986486486486487,
      "recall": 0.9998166483314999,
      "f1": 0.9465370595382746,
      "support": 5454
    },
    "DDoS_HTTP": {
      "precision": 0.7770594754340598,
      "recall": 0.7713604693802714,
      "f1": 0.7741994847258005,
      "support": 5454
    },
    "Password": {
      "precision": 0.6638233818364275,
      "recall": 0.24257425742574257,
      "f1": 0.3553108634349402,
      "support": 5454
    },
    "Vulnerability_scanner": {
      "precision": 1.0,
      "recall": 0.9481114778144482,
      "f1": 0.9733647058823529,
      "support": 5454
    },
    "SQL_injection": {
      "precision": 0.3526352023254035,
      "recall": 0.8452511917858453,
      "f1": 0.4976520753494899,
      "support": 5454
    },
    "Uploading": {
      "precision": 0.6484848484848484,
      "recall": 0.37275394206087276,
      "f1": 0.4733962044475492,
      "support": 5454
    },
    "Backdoor": {
      "precision": 0.900516795865633,
      "recall": 0.8945727906123946,
      "f1": 0.8975349521707138,
      "support": 5454
    },
    "Port_Scanning": {
      "precision": 0.5235732009925558,
      "recall": 0.3868720205353869,
      "f1": 0.4449599325179249,
      "support": 5454
    },
    "XSS": {
      "precision": 0.499310171829926,
      "recall": 0.72992299229923,
      "f1": 0.5929842853950994,
      "support": 5454
    },
    "Ransomware": {
      "precision": 0.0,
      "recall": 0.0,
      "f1": 0.0,
      "support": 0
    },
    "MITM": {
      "precision": 0.0,
      "recall": 0.0,
      "f1": 0.0,
      "support": 0
    },
    "OS_Fingerprinting": {
      "precision": 0.0,
      "recall": 0.0,
      "f1": 0.0,
      "support": 0
    }
  },
  "top_attack_types": [
    {
      "attack": "SQL_injection",
      "count": 5454
    },
    {
      "attack": "Vulnerability_scanner",
      "count": 5454
    },
    {
      "attack": "Password",
      "count": 5454
    },
    {
      "attack": "Uploading",
      "count": 5454
    },
    {
      "attack": "DDoS_HTTP",
      "count": 5454
    },
    {
      "attack": "DDoS_TCP",
      "count": 5454
    },
    {
      "attack": "DDoS_UDP",
      "count": 5454
    },
    {
      "attack": "DDoS_ICMP",
      "count": 5454
    },
    {
      "attack": "XSS",
      "count": 5454
    },
    {
      "attack": "Port_Scanning",
      "count": 5454
    },
    {
      "attack": "Backdoor",
      "count": 5454
    }
  ],
  "top_confusions": [
    {
      "actual": "DDoS_ICMP",
      "predicted": "SQL_injection",
      "count": 4567
    },
    {
      "actual": "Uploading",
      "predicted": "SQL_injection",
      "count": 3421
    },
    {
      "actual": "Password",
      "predicted": "XSS",
      "count": 3299
    },
    {
      "actual": "Port_Scanning",
      "predicted": "DDoS_UDP",
      "count": 3157
    },
    {
      "actual": "DDoS_UDP",
      "predicted": "Port_Scanning",
      "count": 1341
    },
    {
      "actual": "XSS",
      "predicted": "DDoS_HTTP",
      "count": 870
    },
    {
      "actual": "DDoS_HTTP",
      "predicted": "XSS",
      "count": 693
    },
    {
      "actual": "XSS",
      "predicted": "Password",
      "count": 603
    },
    {
      "actual": "SQL_injection",
      "predicted": "Uploading",
      "count": 561
    },
    {
      "actual": "Password",
      "predicted": "Backdoor",
      "count": 536
    },
    {
      "actual": "DDoS_ICMP",
      "predicted": "Uploading",
      "count": 529
    },
    {
      "actual": "DDoS_HTTP",
      "predicted": "SQL_injection",
      "count": 475
    },
    {
      "actual": "Backdoor",
      "predicted": "Port_Scanning",
      "count": 312
    }
  ],
  "problematic_confusions": [
    {
      "actual": "DDoS_ICMP",
      "predicted": "SQL_injection",
      "count": 4567,
      "rate": 0.8374
    },
    {
      "actual": "Uploading",
      "predicted": "SQL_injection",
      "count": 3421,
      "rate": 0.6272
    },
    {
      "actual": "Password",
      "predicted": "XSS",
      "count": 3299,
      "rate": 0.6049
    },
    {
      "actual": "Port_Scanning",
      "predicted": "DDoS_UDP",
      "count": 3157,
      "rate": 0.5788
    },
    {
      "actual": "DDoS_UDP",
      "predicted": "Port_Scanning",
      "count": 1341,
      "rate": 0.2459
    },
    {
      "actual": "XSS",
      "predicted": "DDoS_HTTP",
      "count": 870,
      "rate": 0.1595
    },
    {
      "actual": "DDoS_HTTP",
      "predicted": "XSS",
      "count": 693,
      "rate": 0.1271
    },
    {
      "actual": "XSS",
      "predicted": "Password",
      "count": 603,
      "rate": 0.1106
    },
    {
      "actual": "SQL_injection",
      "predicted": "Uploading",
      "count": 561,
      "rate": 0.1029
    }
  ],
  "confusion_matrix": {
    "labels": [
      "Normal",
      "DDoS_UDP",
      "DDoS_ICMP",
      "DDoS_TCP",
      "DDoS_HTTP",
      "Password",
      "Vulnerability_scanner",
      "SQL_injection",
      "Uploading",
      "Backdoor",
      "Port_Scanning",
      "XSS",
      "Ransomware",
      "MITM",
      "OS_Fingerprinting"
    ],