{
  "round": 23,
  "num_samples": 120000,
  "accuracy": 0.8231666666666667,
  "loss": 0.005821220763772726,
  "class_distribution": {
    "Normal": 60006,
    "DDoS_UDP": 5454,
    "DDoS_ICMP": 5454,
    "DDoS_TCP": 5454,
    "DDoS_HTTP": 5454,
    "Password": 5454,
    "Vulnerability_scanner": 5454,
    "SQL_injection": 5454,
    "Uploading": 5454,
    "Backdoor": 5454,
    "Port_Scanning": 5454,
    "XSS": 5454,
    "Ransomware": 0,
    "MITM": 0,
    "OS_Fingerprinting": 0
  },
  "inactive_classes": [
    "Ransomware",
    "MITM",
    "OS_Fingerprinting"
  ],
  "summary_metrics": {
    "accuracy": 0.8231666666666667,
    "macro_avg": {
      "precision": 0.5723500126283424,
      "recall": 0.5411741285228524,
      "f1": 0.5247335150327865,
      "support": 120000
    },
    "weighted_avg": {
      "precision": 0.8447996211093723,
      "recall": 0.8231666666666667,
      "f1": 0.8121475972059908,
      "support": 120000
    }
  },
  "per_class_metrics": {
    "Normal": {
      "precision": 1.0,
      "recall": 0.9991667499916675,
      "f1": 0.9995832013470932,
      "support": 60006
    },
    "DDoS_UDP": {
      "precision": 0.5624210082853531,
      "recall": 0.7343234323432343,
      "f1": 0.6369781312127236,
      "support": 5454
    },
    "DDoS_ICMP": {
      "precision": 0.6398046398046398,
      "recall": 0.09607627429409607,
      "f1": 0.16706520006376535,
      "support": 5454
    },
    "DDoS_TCP": {
      "precision": 0.9775744528166487,
      "recall": 0.9990832416574991,
      "f1": 0.9882118244468625,
      "support": 5454
    },
    "DDoS_HTTP": {
      "precision": 0.8321522575420126,
      "recall": 0.7535753575357536,
      "f1": 0.79091696334071,
      "support": 5454
    },
    "Password": {
      "precision": 0.6605092361457813,
      "recall": 0.24257425742574257,
      "f1": 0.35483438380045595,
      "support": 5454
    },
    "Vulnerability_scanner": {
      "precision": 1.0,
      "recall": 0.9750641730839751,
      "f1": 0.9873746750835499,
      "support": 5454
    },
    "SQL_injection": {
      "precision": 0.36063296024700886,
      "recall": 0.8566189952328567,
      "f1": 0.5075778151990874,
      "support": 5454
    },
    "Uploading": {
      "precision": 0.6484848484848484,
      "recall": 0.37275394206087276,
      "f1": 0.4733962044475492,
      "support": 5454
    },
    "Backdoor": {
      "precision": 0.8674301579038695,
      "recall": 0.9165749908324166,
      "f1": 0.8913256663992155,
      "support": 5454
    },
    "Port_Scanning": {
      "precision": 0.5293845441925035,
      "recall": 0.4195086175284195,
      "f1": 0.46808510638297873,
      "support": 5454
    },
    "XSS": {
      "precision": 0.5068560840024706,
      "recall": 0.7522918958562523,
      "f1": 0.6056535537678057,
      "support": 5454
    },
    "Ransomware": {
      "precision": 0.0,
      "recall": 0.0,
      "f1": 0.0,
      "support": 0
    },
    "MITM": {
      "precision": 0.0,
      "recall": 0.0,
      "f1": 0.0,
      "support": 0
    },
    "OS_Fingerprinting": {
      "precision": 0.0,
      "recall": 0.0,
      "f1": 0.0,
      "support": 0
    }
  },
  "top_attack_types": [
    {
      "attack": "SQL_injection",
      "count": 5454
    },
    {
      "attack": "Vulnerability_scanner",
      "count": 5454
    },
    {
      "attack": "Password",
      "count": 5454
    },
    {
      "attack": "Uploading",
      "count": 5454
    },
    {
      "attack": "DDoS_HTTP",
      "count": 5454
    },
    {
      "attack": "DDoS_TCP",
      "count": 5454
    },
    {
      "attack": "DDoS_UDP",
      "count": 5454
    },
    {
      "attack": "DDoS_ICMP",
      "count": 5454
    },
    {
      "attack": "XSS",
      "count": 5454
    },
    {
      "attack": "Port_Scanning",
      "count": 5454
    },
    {
      "attack": "Backdoor",
      "count": 5454
    }
  ],
  "top_confusions": [
    {
      "actual": "DDoS_ICMP",
      "predicted": "SQL_injection",
      "count": 4401
    },
    {
      "actual": "Uploading",
      "predicted": "SQL_injection",
      "count": 3313
    },
    {
      "actual": "Password",
      "predicted": "XSS",
      "count": 3299
    },
    {
      "actual": "Port_Scanning",
      "predicted": "DDoS_UDP",
      "count": 2979
    },
    {
      "actual": "DDoS_UDP",
      "predicted": "Port_Scanning",
      "count": 1449
    },
    {
      "actual": "XSS",
      "predicted": "DDoS_HTTP",
      "count": 738
    },
    {
      "actual": "DDoS_HTTP",
      "predicted": "XSS",
      "count": 693
    },
    {
      "actual": "XSS",
      "predicted": "Password",
      "count": 613
    },
    {
      "actual": "DDoS_HTTP",
      "predicted": "SQL_injection",
      "count": 569
    },
    {
      "actual": "SQL_injection",
      "predicted": "Uploading",
      "count": 561
    },
    {
      "actual": "Password",
      "predicted": "Backdoor",
      "count": 542
    },
    {
      "actual": "DDoS_ICMP",
      "predicted": "Uploading",
      "count": 529
    },
    {
      "actual": "Backdoor",
      "predicted": "Port_Scanning",
      "count": 318
    }
  ],
  "problematic_confusions": [
    {
      "actual": "DDoS_ICMP",
      "predicted": "SQL_injection",
      "count": 4401,
      "rate": 0.8069
    },
    {
      "actual": "Uploading",
      "predicted": "SQL_injection",
      "count": 3313,
      "rate": 0.6074
    },
    {
      "actual": "Password",
      "predicted": "XSS",
      "count": 3299,
      "rate": 0.6049
    },
    {
      "actual": "Port_Scanning",
      "predicted": "DDoS_UDP",
      "count": 2979,
      "rate": 0.5462
    },
    {
      "actual": "DDoS_UDP",
      "predicted": "Port_Scanning",
      "count": 1449,
      "rate": 0.2657
    },
    {
      "actual": "XSS",
      "predicted": "DDoS_HTTP",
      "count": 738,
      "rate": 0.1353
    },
    {
      "actual": "DDoS_HTTP",
      "predicted": "XSS",
      "count": 693,
      "rate": 0.1271
    },
    {
      "actual": "XSS",
      "predicted": "Password",
      "count": 613,
      "rate": 0.1124
    },
    {
      "actual": "DDoS_HTTP",
      "predicted": "SQL_injection",
      "count": 569,
      "rate": 0.1043
    },
    {
      "actual": "SQL_injection",
      "predicted": "Uploading",
      "count": 561,
      "rate": 0.1029
    }
  ],
  "confusion_matrix": {
    "labels": [
      "Normal",
      "DDoS_UDP",
      "DDoS_ICMP",
      "DDoS_TCP",
      "DDoS_HTTP",
      "Password",
      "Vulnerability_scanner",
      "SQL_injection",
      "Uploading",
      "Backdoor",
      "Port_Scanning",
      "XSS",
      "Ransomware",
      "MITM",
      "OS_Fingerprinting"
    ],