{
  "round": 32,
  "num_samples": 120000,
  "accuracy": 0.815325,
  "loss": 0.005588979968428612,
  "class_distribution": {
    "Normal": 60006,
    "DDoS_UDP": 5454,
    "DDoS_ICMP": 5454,
    "DDoS_TCP": 5454,
    "DDoS_HTTP": 5454,
    "Password": 5454,
    "Vulnerability_scanner": 5454,
    "SQL_injection": 5454,
    "Uploading": 5454,
    "Backdoor": 5454,
    "Port_Scanning": 5454,
    "XSS": 5454,
    "Ransomware": 0,
    "MITM": 0,
    "OS_Fingerprinting": 0
  },
  "inactive_classes": [
    "Ransomware",
    "MITM",
    "OS_Fingerprinting"
  ],
  "summary_metrics": {
    "accuracy": 0.815325,
    "macro_avg": {
      "precision": 0.5397403249208467,
      "recall": 0.5296718671856077,
      "f1": 0.5133744376459498,
      "support": 120000
    },
    "weighted_avg": {
      "precision": 0.8225679665147871,
      "recall": 0.815325,
      "f1": 0.8044035461975148,
      "support": 120000
    }
  },
  "per_class_metrics": {
    "Normal": {
      "precision": 1.0,
      "recall": 0.9991667499916675,
      "f1": 0.9995832013470932,
      "support": 60006
    },
    "DDoS_UDP": {
      "precision": 0.5024512474125722,
      "recall": 0.8456178951228456,
      "f1": 0.6303560445568236,
      "support": 5454
    },
    "DDoS_ICMP": {
      "precision": 0.3911340573259747,
      "recall": 0.8056472313898057,
      "f1": 0.5266059443911792,
      "support": 5454
    },
    "DDoS_TCP": {
      "precision": 0.9314998291766313,
      "recall": 0.9998166483314999,
      "f1": 0.9644499469402193,
      "support": 5454
    },
    "DDoS_HTTP": {
      "precision": 0.8403189531793089,
      "recall": 0.7535753575357536,
      "f1": 0.7945867568873852,
      "support": 5454
    },
    "Password": {
      "precision": 0.4602921646746348,
      "recall": 0.6354968830216355,
      "f1": 0.5338878619839803,
      "support": 5454
    },
    "Vulnerability_scanner": {
      "precision": 1.0,
      "recall": 0.9858819215254859,
      "f1": 0.9928907764749331,
      "support": 5454
    },
    "SQL_injection": {
      "precision": 0.3987648875165417,
      "recall": 0.16574990832416575,
      "f1": 0.23416655873591505,
      "support": 5454
    },
    "Uploading": {
      "precision": 0.6334302325581396,
      "recall": 0.39952328566189954,
      "f1": 0.48999325387901954,
      "support": 5454
    },
    "Backdoor": {
      "precision": 0.8995206489675516,
      "recall": 0.8945727906123946,
      "f1": 0.8970398970398971,
      "support": 5454
    },
    "Port_Scanning": {
      "precision": 0.5468197879858657,
      "recall": 0.226989365603227,
      "f1": 0.32080849961129826,
      "support": 5454
    },
    "XSS": {
      "precision": 0.4918730650154799,
      "recall": 0.23303997066373305,
      "f1": 0.3162478228415029,
      "support": 5454
    },
    "Ransomware": {
      "precision": 0.0,
      "recall": 0.0,
      "f1": 0.0,
      "support": 0
    },
    "MITM": {
      "precision": 0.0,
      "recall": 0.0,
      "f1": 0.0,
      "support": 0
    },
    "OS_Fingerprinting": {
      "precision": 0.0,
      "recall": 0.0,
      "f1": 0.0,
      "support": 0
    }
  },
  "top_attack_types": [
    {
      "attack": "SQL_injection",
      "count": 5454
    },
    {
      "attack": "Vulnerability_scanner",
      "count": 5454
    },
    {
      "attack": "Password",
      "count": 5454
    },
    {
      "attack": "Uploading",
      "count": 5454
    },
    {
      "attack": "DDoS_HTTP",
      "count": 5454
    },
    {
      "attack": "DDoS_TCP",
      "count": 5454
    },
    {
      "attack": "DDoS_UDP",
      "count": 5454
    },
    {
      "attack": "DDoS_ICMP",
      "count": 5454
    },
    {
      "attack": "XSS",
      "count": 5454
    },
    {
      "attack": "Port_Scanning",
      "count": 5454
    },
    {
      "attack": "Backdoor",
      "count": 5454
    }
  ],
  "top_confusions": [
    {
      "actual": "Port_Scanning",
      "predicted": "DDoS_UDP",
      "count": 4029
    },
    {
      "actual": "SQL_injection",
      "predicted": "DDoS_ICMP",
      "count": 3984
    },
    {
      "actual": "XSS",
      "predicted": "Password",
      "count": 3461
    },
    {
      "actual": "Uploading",
      "predicted": "DDoS_ICMP",
      "count": 2770
    },
    {
      "actual": "Password",
      "predicted": "XSS",
      "count": 1156
    },
    {
      "actual": "DDoS_UDP",
      "predicted": "Port_Scanning",
      "count": 842
    },
    {
      "actual": "XSS",
      "predicted": "DDoS_HTTP",
      "count": 722
    },
    {
      "actual": "DDoS_ICMP",
      "predicted": "Uploading",
      "count": 686
    },
    {
      "actual": "DDoS_HTTP",
      "predicted": "Password",
      "count": 603
    },
    {
      "actual": "SQL_injection",
      "predicted": "Uploading",
      "count": 561
    },
    {
      "actual": "Password",
      "predicted": "Backdoor",
      "count": 542
    },
    {
      "actual": "Uploading",
      "predicted": "SQL_injection",
      "count": 505
    },
    {
      "actual": "DDoS_HTTP",
      "predicted": "SQL_injection",
      "count": 484
    }
  ],
  "problematic_confusions": [
    {
      "actual": "Port_Scanning",
      "predicted": "DDoS_UDP",
      "count": 4029,
      "rate": 0.7387
    },
    {
      "actual": "SQL_injection",
      "predicted": "DDoS_ICMP",
      "count": 3984,
      "rate": 0.7305
    },
    {
      "actual": "XSS",
      "predicted": "Password",
      "count": 3461,
      "rate": 0.6346
    },
    {
      "actual": "Uploading",
      "predicted": "DDoS_ICMP",
      "count": 2770,
      "rate": 0.5079
    },
    {
      "actual": "Password",
      "predicted": "XSS",
      "count": 1156,
      "rate": 0.212
    },
    {
      "actual": "DDoS_UDP",
      "predicted": "Port_Scanning",
      "count": 842,
      "rate": 0.1544
    },
    {
      "actual": "XSS",
      "predicted": "DDoS_HTTP",
      "count": 722,
      "rate": 0.1324
    },
    {
      "actual": "DDoS_ICMP",
      "predicted": "Uploading",
      "count": 686,
      "rate": 0.1258
    },
    {
      "actual": "DDoS_HTTP",
      "predicted": "Password",
      "count": 603,
      "rate": 0.1106
    },
    {
      "actual": "SQL_injection",
      "predicted": "Uploading",
      "count": 561,
      "rate": 0.1029
    }
  ],
  "confusion_matrix": {
    "labels": [
      "Normal",
      "DDoS_UDP",
      "DDoS_ICMP",
      "DDoS_TCP",
      "DDoS_HTTP",
      "Password",
      "Vulnerability_scanner",
      "SQL_injection",
      "Uploading",
      "Backdoor",
      "Port_Scanning",
      "XSS",
      "Ransomware",
      "MITM",
      "OS_Fingerprinting"
    ],