{
  "round": 25,
  "num_samples": 120000,
  "accuracy": 0.818875,
  "loss": 0.005748014013717572,
  "class_distribution": {
    "Normal": 60006,
    "DDoS_UDP": 5454,
    "DDoS_ICMP": 5454,
    "DDoS_TCP": 5454,
    "DDoS_HTTP": 5454,
    "Password": 5454,
    "Vulnerability_scanner": 5454,
    "SQL_injection": 5454,
    "Uploading": 5454,
    "Backdoor": 5454,
    "Port_Scanning": 5454,
    "XSS": 5454,
    "Ransomware": 0,
    "MITM": 0,
    "OS_Fingerprinting": 0
  },
  "inactive_classes": [
    "Ransomware",
    "MITM",
    "OS_Fingerprinting"
  ],
  "summary_metrics": {
    "accuracy": 0.818875,
    "macro_avg": {
      "precision": 0.5485264213764037,
      "recall": 0.5348790545710127,
      "f1": 0.5194717520626059,
      "support": 120000
    },
    "weighted_avg": {
      "precision": 0.8285578877733634,
      "recall": 0.818875,
      "f1": 0.8085603903010701,
      "support": 120000
    }
  },
  "per_class_metrics": {
    "Normal": {
      "precision": 1.0,
      "recall": 0.9991667499916675,
      "f1": 0.9995832013470932,
      "support": 60006
    },
    "DDoS_UDP": {
      "precision": 0.5051391615660007,
      "recall": 0.801980198019802,
      "f1": 0.6198540352866152,
      "support": 5454
    },
    "DDoS_ICMP": {
      "precision": 0.3889893328512023,
      "recall": 0.7889622295562889,
      "f1": 0.5210704771131024,
      "support": 5454
    },
    "DDoS_TCP": {
      "precision": 0.9166246427971088,
      "recall": 0.9998166483314999,
      "f1": 0.956414978514426,
      "support": 5454
    },
    "DDoS_HTTP": {
      "precision": 0.8329955411430888,
      "recall": 0.7535753575357536,
      "f1": 0.7912976511359261,
      "support": 5454
    },
    "Password": {
      "precision": 0.6605092361457813,
      "recall": 0.24257425742574257,
      "f1": 0.35483438380045595,
      "support": 5454
    },
    "Vulnerability_scanner": {
      "precision": 1.0,
      "recall": 0.9708470847084708,
      "f1": 0.9852079263187273,
      "support": 5454
    },
    "SQL_injection": {
      "precision": 0.3364595545134818,
      "recall": 0.15786578657865788,
      "f1": 0.21490078622238862,
      "support": 5454
    },
    "Uploading": {
      "precision": 0.6356423558132438,
      "recall": 0.38192152548588193,
      "f1": 0.47715038369029894,
      "support": 5454
    },
    "Backdoor": {
      "precision": 0.9016817593790427,
      "recall": 0.8945727906123946,
      "f1": 0.8981132075471698,
      "support": 5454
    },
    "Port_Scanning": {
      "precision": 0.5420258620689655,
      "recall": 0.27667766776677666,
      "f1": 0.3663510560815732,
      "support": 5454
    },
    "XSS": {
      "precision": 0.5078288743681421,
      "recall": 0.7552255225522553,
      "f1": 0.6072981938813122,
      "support": 5454
    },
    "Ransomware": {
      "precision": 0.0,
      "recall": 0.0,
      "f1": 0.0,
      "support": 0
    },
    "MITM": {
      "precision": 0.0,
      "recall": 0.0,
      "f1": 0.0,
      "support": 0
    },
    "OS_Fingerprinting": {
      "precision": 0.0,
      "recall": 0.0,
      "f1": 0.0,
      "support": 0
    }
  },
  "top_attack_types": [
    {
      "attack": "SQL_injection",
      "count": 5454
    },
    {
      "attack": "Vulnerability_scanner",
      "count": 5454
    },
    {
      "attack": "Password",
      "count": 5454
    },
    {
      "attack": "Uploading",
      "count": 5454
    },
    {
      "attack": "DDoS_HTTP",
      "count": 5454
    },
    {
      "attack": "DDoS_TCP",
      "count": 5454
    },
    {
      "attack": "DDoS_UDP",
      "count": 5454
    },
    {
      "attack": "DDoS_ICMP",
      "count": 5454
    },
    {
      "attack": "XSS",
      "count": 5454
    },
    {
      "attack": "Port_Scanning",
      "count": 5454
    },
    {
      "attack": "Backdoor",
      "count": 5454
    }
  ],
  "top_confusions": [
    {
      "actual": "SQL_injection",
      "predicted": "DDoS_ICMP",
      "count": 3984
    },
    {
      "actual": "Port_Scanning",
      "predicted": "DDoS_UDP",
      "count": 3758
    },
    {
      "actual": "Password",
      "predicted": "XSS",
      "count": 3299
    },
    {
      "actual": "Uploading",
      "predicted": "DDoS_ICMP",
      "count": 2689
    },
    {
      "actual": "DDoS_UDP",
      "predicted": "Port_Scanning",
      "count": 1080
    },
    {
      "actual": "XSS",
      "predicted": "DDoS_HTTP",
      "count": 722
    },
    {
      "actual": "DDoS_HTTP",
      "predicted": "XSS",
      "count": 693
    },
    {
      "actual": "Uploading",
      "predicted": "SQL_injection",
      "count": 682
    },
    {
      "actual": "DDoS_ICMP",
      "predicted": "Uploading",
      "count": 620
    },
    {
      "actual": "XSS",
      "predicted": "Password",
      "count": 613
    },
    {
      "actual": "SQL_injection",
      "predicted": "Uploading",
      "count": 561
    },
    {
      "actual": "Password",
      "predicted": "Backdoor",
      "count": 532
    },
    {
      "actual": "DDoS_ICMP",
      "predicted": "SQL_injection",
      "count": 531
    }
  ],
  "problematic_confusions": [
    {
      "actual": "SQL_injection",
      "predicted": "DDoS_ICMP",
      "count": 3984,
      "rate": 0.7305
    },
    {
      "actual": "Port_Scanning",
      "predicted": "DDoS_UDP",
      "count": 3758,
      "rate": 0.689
    },
    {
      "actual": "Password",
      "predicted": "XSS",
      "count": 3299,
      "rate": 0.6049
    },
    {
      "actual": "Uploading",
      "predicted": "DDoS_ICMP",
      "count": 2689,
      "rate": 0.493
    },
    {
      "actual": "DDoS_UDP",
      "predicted": "Port_Scanning",
      "count": 1080,
      "rate": 0.198
    },
    {
      "actual": "XSS",
      "predicted": "DDoS_HTTP",
      "count": 722,
      "rate": 0.1324
    },
    {
      "actual": "DDoS_HTTP",
      "predicted": "XSS",
      "count": 693,
      "rate": 0.1271
    },
    {
      "actual": "Uploading",
      "predicted": "SQL_injection",
      "count": 682,
      "rate": 0.125
    },
    {
      "actual": "DDoS_ICMP",
      "predicted": "Uploading",
      "count": 620,
      "rate": 0.1137
    },
    {
      "actual": "XSS",
      "predicted": "Password",
      "count": 613,
      "rate": 0.1124
    },
    {
      "actual": "SQL_injection",
      "predicted": "Uploading",
      "count": 561,
      "rate": 0.1029
    }
  ],
  "confusion_matrix": {
    "labels": [
      "Normal",
      "DDoS_UDP",
      "DDoS_ICMP",
      "DDoS_TCP",
      "DDoS_HTTP",
      "Password",
      "Vulnerability_scanner",
      "SQL_injection",
      "Uploading",
      "Backdoor",
      "Port_Scanning",
      "XSS",
      "Ransomware",
      "MITM",
      "OS_Fingerprinting"
    ],