{
  "round": 22,
  "num_samples": 120000,
  "accuracy": 0.8210083333333333,
  "loss": 0.0058671929996460676,
  "class_distribution": {
    "Normal": 60006,
    "DDoS_UDP": 5454,
    "DDoS_ICMP": 5454,
    "DDoS_TCP": 5454,
    "DDoS_HTTP": 5454,
    "Password": 5454,
    "Vulnerability_scanner": 5454,
    "SQL_injection": 5454,
    "Uploading": 5454,
    "Backdoor": 5454,
    "Port_Scanning": 5454,
    "XSS": 5454,
    "Ransomware": 0,
    "MITM": 0,
    "OS_Fingerprinting": 0
  },
  "inactive_classes": [
    "Ransomware",
    "MITM",
    "OS_Fingerprinting"
  ],
  "summary_metrics": {
    "accuracy": 0.8210083333333333,
    "macro_avg": {
      "precision": 0.5523545786049731,
      "recall": 0.5380082563800827,
      "f1": 0.5320693122030868,
      "support": 120000
    },
    "weighted_avg": {
      "precision": 0.8311677339639404,
      "recall": 0.8210083333333333,
      "f1": 0.817148776926843,
      "support": 120000
    }
  },
  "per_class_metrics": {
    "Normal": {
      "precision": 1.0,
      "recall": 0.9991667499916675,
      "f1": 0.9995832013470932,
      "support": 60006
    },
    "DDoS_UDP": {
      "precision": 0.5563725490196079,
      "recall": 0.7491749174917491,
      "f1": 0.6385372714486639,
      "support": 5454
    },
    "DDoS_ICMP": {
      "precision": 0.4130828802109079,
      "recall": 0.4596626329299597,
      "f1": 0.4351297405189621,
      "support": 5454
    },
    "DDoS_TCP": {
      "precision": 0.9112633689839572,
      "recall": 0.9998166483314999,
      "f1": 0.9534883720930233,
      "support": 5454
    },
    "DDoS_HTTP": {
      "precision": 0.8131024985244935,
      "recall": 0.7577924459112578,
      "f1": 0.7844737591344785,
      "support": 5454
    },
    "Password": {
      "precision": 0.6605092361457813,
      "recall": 0.24257425742574257,
      "f1": 0.35483438380045595,
      "support": 5454
    },
    "Vulnerability_scanner": {
      "precision": 1.0,
      "recall": 0.9636963696369637,
      "f1": 0.9815126050420168,
      "support": 5454
    },
    "SQL_injection": {
      "precision": 0.35182500988272497,
      "recall": 0.48954895489548955,
      "f1": 0.40941501188376905,
      "support": 5454
    },
    "Uploading": {
      "precision": 0.6484848484848484,
      "recall": 0.37275394206087276,
      "f1": 0.4733962044475492,
      "support": 5454
    },
    "Backdoor": {
      "precision": 0.9010156971375808,
      "recall": 0.8945727906123946,
      "f1": 0.8977826846996044,
      "support": 5454
    },
    "Port_Scanning": {
      "precision": 0.5245181751646744,
      "recall": 0.3942060872753942,
      "f1": 0.4501203810321365,
      "support": 5454
    },
    "XSS": {
      "precision": 0.5051444155200199,
      "recall": 0.7471580491382471,
      "f1": 0.6027660675985504,
      "support": 5454
    },
    "Ransomware": {
      "precision": 0.0,
      "recall": 0.0,
      "f1": 0.0,
      "support": 0
    },
    "MITM": {
      "precision": 0.0,
      "recall": 0.0,
      "f1": 0.0,
      "support": 0
    },
    "OS_Fingerprinting": {
      "precision": 0.0,
      "recall": 0.0,
      "f1": 0.0,
      "support": 0
    }
  },
  "top_attack_types": [
    {
      "attack": "SQL_injection",
      "count": 5454
    },
    {
      "attack": "Vulnerability_scanner",
      "count": 5454
    },
    {
      "attack": "Password",
      "count": 5454
    },
    {
      "attack": "Uploading",
      "count": 5454
    },
    {
      "attack": "DDoS_HTTP",
      "count": 5454
    },
    {
      "attack": "DDoS_TCP",
      "count": 5454
    },
    {
      "attack": "DDoS_UDP",
      "count": 5454
    },
    {
      "attack": "DDoS_ICMP",
      "count": 5454
    },
    {
      "attack": "XSS",
      "count": 5454
    },
    {
      "attack": "Port_Scanning",
      "count": 5454
    },
    {
      "attack": "Backdoor",
      "count": 5454
    }
  ],
  "top_confusions": [
    {
      "actual": "Password",
      "predicted": "XSS",
      "count": 3299
    },
    {
      "actual": "Port_Scanning",
      "predicted": "DDoS_UDP",
      "count": 3117
    },
    {
      "actual": "DDoS_ICMP",
      "predicted": "SQL_injection",
      "count": 2418
    },
    {
      "actual": "SQL_injection",
      "predicted": "DDoS_ICMP",
      "count": 2093
    },
    {
      "actual": "Uploading",
      "predicted": "SQL_injection",
      "count": 2005
    },
    {
      "actual": "Uploading",
      "predicted": "DDoS_ICMP",
      "count": 1416
    },
    {
      "actual": "DDoS_UDP",
      "predicted": "Port_Scanning",
      "count": 1368
    },
    {
      "actual": "XSS",
      "predicted": "DDoS_HTTP",
      "count": 766
    },
    {
      "actual": "DDoS_HTTP",
      "predicted": "XSS",
      "count": 693
    },
    {
      "actual": "XSS",
      "predicted": "Password",
      "count": 613
    },
    {
      "actual": "SQL_injection",
      "predicted": "Uploading",
      "count": 561
    },
    {
      "actual": "Password",
      "predicted": "Backdoor",
      "count": 536
    },
    {
      "actual": "DDoS_ICMP",
      "predicted": "Uploading",
      "count": 529
    }
  ],
  "problematic_confusions": [
    {
      "actual": "Password",
      "predicted": "XSS",
      "count": 3299,
      "rate": 0.6049
    },
    {
      "actual": "Port_Scanning",
      "predicted": "DDoS_UDP",
      "count": 3117,
      "rate": 0.5715
    },
    {
      "actual": "DDoS_ICMP",
      "predicted": "SQL_injection",
      "count": 2418,
      "rate": 0.4433
    },
    {
      "actual": "SQL_injection",
      "predicted": "DDoS_ICMP",
      "count": 2093,
      "rate": 0.3838
    },
    {
      "actual": "Uploading",
      "predicted": "SQL_injection",
      "count": 2005,
      "rate": 0.3676
    },
    {
      "actual": "Uploading",
      "predicted": "DDoS_ICMP",
      "count": 1416,
      "rate": 0.2596
    },
    {
      "actual": "DDoS_UDP",
      "predicted": "Port_Scanning",
      "count": 1368,
      "rate": 0.2508
    },
    {
      "actual": "XSS",
      "predicted": "DDoS_HTTP",
      "count": 766,
      "rate": 0.1404
    },
    {
      "actual": "DDoS_HTTP",
      "predicted": "XSS",
      "count": 693,
      "rate": 0.1271
    },
    {
      "actual": "XSS",
      "predicted": "Password",
      "count": 613,
      "rate": 0.1124
    },
    {
      "actual": "SQL_injection",
      "predicted": "Uploading",
      "count": 561,
      "rate": 0.1029
    }
  ],
  "confusion_matrix": {
    "labels": [
      "Normal",
      "DDoS_UDP",
      "DDoS_ICMP",
      "DDoS_TCP",
      "DDoS_HTTP",
      "Password",
      "Vulnerability_scanner",
      "SQL_injection",
      "Uploading",
      "Backdoor",
      "Port_Scanning",
      "XSS",
      "Ransomware",
      "MITM",
      "OS_Fingerprinting"
    ],