{
  "round": 15,
  "num_samples": 120000,
  "accuracy": 0.8173083333333333,
  "loss": 0.0065347295742481945,
  "class_distribution": {
    "Normal": 60006,
    "DDoS_UDP": 5454,
    "DDoS_ICMP": 5454,
    "DDoS_TCP": 5454,
    "DDoS_HTTP": 5454,
    "Password": 5454,
    "Vulnerability_scanner": 5454,
    "SQL_injection": 5454,
    "Uploading": 5454,
    "Backdoor": 5454,
    "Port_Scanning": 5454,
    "XSS": 5454,
    "Ransomware": 0,
    "MITM": 0,
    "OS_Fingerprinting": 0
  },
  "inactive_classes": [
    "Ransomware",
    "MITM",
    "OS_Fingerprinting"
  ],
  "summary_metrics": {
    "accuracy": 0.8173083333333333,
    "macro_avg": {
      "precision": 0.5452367128017076,
      "recall": 0.5326032718815883,
      "f1": 0.5257095928655534,
      "support": 120000
    },
    "weighted_avg": {
      "precision": 0.8263151289525641,
      "recall": 0.8173083333333333,
      "f1": 0.8128054559164178,
      "support": 120000
    }
  },
  "per_class_metrics": {
    "Normal": {
      "precision": 1.0,
      "recall": 0.9991334199913342,
      "f1": 0.9995665221740581,
      "support": 60006
    },
    "DDoS_UDP": {
      "precision": 0.5524993387992595,
      "recall": 0.766043270993766,
      "f1": 0.641979102642901,
      "support": 5454
    },
    "DDoS_ICMP": {
      "precision": 0.4088202156768067,
      "recall": 0.4657132379904657,
      "f1": 0.4354161309676866,
      "support": 5454
    },
    "DDoS_TCP": {
      "precision": 0.8900130548302873,
      "recall": 1.0,
      "f1": 0.941806251079261,
      "support": 5454
    },
    "DDoS_HTTP": {
      "precision": 0.764621456763545,
      "recall": 0.7814448111477814,
      "f1": 0.7729416031918752,
      "support": 5454
    },
    "Password": {
      "precision": 0.6605092361457813,
      "recall": 0.24257425742574257,
      "f1": 0.35483438380045595,
      "support": 5454
    },
    "Vulnerability_scanner": {
      "precision": 1.0,
      "recall": 0.9396773010634397,
      "f1": 0.968900652235561,
      "support": 5454
    },
    "SQL_injection": {
      "precision": 0.32988522034859,
      "recall": 0.42684268426842686,
      "f1": 0.3721525057949005,
      "support": 5454
    },
    "Uploading": {
      "precision": 0.6484848484848484,
      "recall": 0.37275394206087276,
      "f1": 0.4733962044475492,
      "support": 5454
    },
    "Backdoor": {
      "precision": 0.8991890895687431,
      "recall": 0.8945727906123946,
      "f1": 0.896875,
      "support": 5454
    },
    "Port_Scanning": {
      "precision": 0.5257838818346722,
      "recall": 0.372020535386872,
      "f1": 0.4357349940942768,
      "support": 5454
    },
    "XSS": {
      "precision": 0.49874434957307884,
      "recall": 0.7282728272827282,
      "f1": 0.5920405425547771,
      "support": 5454
    },
    "Ransomware": {
      "precision": 0.0,
      "recall": 0.0,
      "f1": 0.0,
      "support": 0
    },
    "MITM": {
      "precision": 0.0,
      "recall": 0.0,
      "f1": 0.0,
      "support": 0
    },
    "OS_Fingerprinting": {
      "precision": 0.0,
      "recall": 0.0,
      "f1": 0.0,
      "support": 0
    }
  },
  "top_attack_types": [
    {
      "attack": "SQL_injection",
      "count": 5454
    },
    {
      "attack": "Vulnerability_scanner",
      "count": 5454
    },
    {
      "attack": "Password",
      "count": 5454
    },
    {
      "attack": "Uploading",
      "count": 5454
    },
    {
      "attack": "DDoS_HTTP",
      "count": 5454
    },
    {
      "attack": "DDoS_TCP",
      "count": 5454
    },
    {
      "attack": "DDoS_UDP",
      "count": 5454
    },
    {
      "attack": "DDoS_ICMP",
      "count": 5454
    },
    {
      "attack": "XSS",
      "count": 5454
    },
    {
      "attack": "Port_Scanning",
      "count": 5454
    },
    {
      "attack": "Backdoor",
      "count": 5454
    }
  ],
  "top_confusions": [
    {
      "actual": "Password",
      "predicted": "XSS",
      "count": 3299
    },
    {
      "actual": "Port_Scanning",
      "predicted": "DDoS_UDP",
      "count": 3238
    },
    {
      "actual": "DDoS_ICMP",
      "predicted": "SQL_injection",
      "count": 2385
    },
    {
      "actual": "SQL_injection",
      "predicted": "DDoS_ICMP",
      "count": 2203
    },
    {
      "actual": "Uploading",
      "predicted": "SQL_injection",
      "count": 1965
    },
    {
      "actual": "Uploading",
      "predicted": "DDoS_ICMP",
      "count": 1429
    },
    {
      "actual": "DDoS_UDP",
      "predicted": "Port_Scanning",
      "count": 1276
    },
    {
      "actual": "XSS",
      "predicted": "DDoS_HTTP",
      "count": 869
    },
    {
      "actual": "DDoS_HTTP",
      "predicted": "XSS",
      "count": 693
    },
    {
      "actual": "XSS",
      "predicted": "Password",
      "count": 613
    },
    {
      "actual": "SQL_injection",
      "predicted": "Uploading",
      "count": 561
    },
    {
      "actual": "Password",
      "predicted": "Backdoor",
      "count": 542
    },
    {
      "actual": "DDoS_ICMP",
      "predicted": "Uploading",
      "count": 529
    }
  ],
  "problematic_confusions": [
    {
      "actual": "Password",
      "predicted": "XSS",
      "count": 3299,
      "rate": 0.6049
    },
    {
      "actual": "Port_Scanning",
      "predicted": "DDoS_UDP",
      "count": 3238,
      "rate": 0.5937
    },
    {
      "actual": "DDoS_ICMP",
      "predicted": "SQL_injection",
      "count": 2385,
      "rate": 0.4373
    },
    {
      "actual": "SQL_injection",
      "predicted": "DDoS_ICMP",
      "count": 2203,
      "rate": 0.4039
    },
    {
      "actual": "Uploading",
      "predicted": "SQL_injection",
      "count": 1965,
      "rate": 0.3603
    },
    {
      "actual": "Uploading",
      "predicted": "DDoS_ICMP",
      "count": 1429,
      "rate": 0.262
    },
    {
      "actual": "DDoS_UDP",
      "predicted": "Port_Scanning",
      "count": 1276,
      "rate": 0.234
    },
    {
      "actual": "XSS",
      "predicted": "DDoS_HTTP",
      "count": 869,
      "rate": 0.1593
    },
    {
      "actual": "DDoS_HTTP",
      "predicted": "XSS",
      "count": 693,
      "rate": 0.1271
    },
    {
      "actual": "XSS",
      "predicted": "Password",
      "count": 613,
      "rate": 0.1124
    },
    {
      "actual": "SQL_injection",
      "predicted": "Uploading",
      "count": 561,
      "rate": 0.1029
    }
  ],
  "confusion_matrix": {
    "labels": [
      "Normal",
      "DDoS_UDP",
      "DDoS_ICMP",
      "DDoS_TCP",
      "DDoS_HTTP",
      "Password",
      "Vulnerability_scanner",
      "SQL_injection",
      "Uploading",
      "Backdoor",
      "Port_Scanning",
      "XSS",
      "Ransomware",
      "MITM",
      "OS_Fingerprinting"
    ],