{
  "round": 14,
  "num_samples": 120000,
  "accuracy": 0.8114916666666666,
  "loss": 0.006767785847311219,
  "class_distribution": {
    "Normal": 60006,
    "DDoS_UDP": 5454,
    "DDoS_ICMP": 5454,
    "DDoS_TCP": 5454,
    "DDoS_HTTP": 5454,
    "Password": 5454,
    "Vulnerability_scanner": 5454,
    "SQL_injection": 5454,
    "Uploading": 5454,
    "Backdoor": 5454,
    "Port_Scanning": 5454,
    "XSS": 5454,
    "Ransomware": 0,
    "MITM": 0,
    "OS_Fingerprinting": 0
  },
  "inactive_classes": [
    "Ransomware",
    "MITM",
    "OS_Fingerprinting"
  ],
  "summary_metrics": {
    "accuracy": 0.8114916666666666,
    "macro_avg": {
      "precision": 0.5630024656516677,
      "recall": 0.5240713075740464,
      "f1": 0.49501240638392996,
      "support": 120000
    },
    "weighted_avg": {
      "precision": 0.8384269309580243,
      "recall": 0.8114916666666666,
      "f1": 0.791877649032571,
      "support": 120000
    }
  },
  "per_class_metrics": {
    "Normal": {
      "precision": 1.0,
      "recall": 0.9991334199913342,
      "f1": 0.9995665221740581,
      "support": 60006
    },
    "DDoS_UDP": {
      "precision": 0.5007499250074993,
      "recall": 0.9182251558489182,
      "f1": 0.6480750566159819,
      "support": 5454
    },
    "DDoS_ICMP": {
      "precision": 0.7668918918918919,
      "recall": 0.08324165749908324,
      "f1": 0.15018193847171685,
      "support": 5454
    },
    "DDoS_TCP": {
      "precision": 0.8348385121689882,
      "recall": 1.0,
      "f1": 0.9099858179694669,
      "support": 5454
    },
    "DDoS_HTTP": {
      "precision": 0.7675383228133453,
      "recall": 0.7803447011367803,
      "f1": 0.7738885353213929,
      "support": 5454
    },
    "Password": {
      "precision": 0.6638233818364275,
      "recall": 0.24257425742574257,
      "f1": 0.3553108634349402,
      "support": 5454
    },
    "Vulnerability_scanner": {
      "precision": 1.0,
      "recall": 0.9162082874954162,
      "f1": 0.95627212706918,
      "support": 5454
    },
    "SQL_injection": {
      "precision": 0.3502793735736208,
      "recall": 0.8160982764943161,
      "f1": 0.4901712460767579,
      "support": 5454
    },
    "Uploading": {
      "precision": 0.6484848484848484,
      "recall": 0.37275394206087276,
      "f1": 0.4733962044475492,
      "support": 5454
    },
    "Backdoor": {
      "precision": 0.8995206489675516,
      "recall": 0.8945727906123946,
      "f1": 0.8970398970398971,
      "support": 5454
    },
    "Port_Scanning": {
      "precision": 0.5135371179039301,
      "recall": 0.1078107810781078,
      "f1": 0.1782088195181088,
      "support": 5454
    },
    "XSS": {
      "precision": 0.49937296212691246,
      "recall": 0.7301063439677301,
      "f1": 0.5930890676198988,
      "support": 5454
    },
    "Ransomware": {
      "precision": 0.0,
      "recall": 0.0,
      "f1": 0.0,
      "support": 0
    },
    "MITM": {
      "precision": 0.0,
      "recall": 0.0,
      "f1": 0.0,
      "support": 0
    },
    "OS_Fingerprinting": {
      "precision": 0.0,
      "recall": 0.0,
      "f1": 0.0,
      "support": 0
    }
  },
  "top_attack_types": [
    {
      "attack": "SQL_injection",
      "count": 5454
    },
    {
      "attack": "Vulnerability_scanner",
      "count": 5454
    },
    {
      "attack": "Password",
      "count": 5454
    },
    {
      "attack": "Uploading",
      "count": 5454
    },
    {
      "attack": "DDoS_HTTP",
      "count": 5454
    },
    {
      "attack": "DDoS_TCP",
      "count": 5454
    },
    {
      "attack": "DDoS_UDP",
      "count": 5454
    },
    {
      "attack": "DDoS_ICMP",
      "count": 5454
    },
    {
      "attack": "XSS",
      "count": 5454
    },
    {
      "attack": "Port_Scanning",
      "count": 5454
    },
    {
      "attack": "Backdoor",
      "count": 5454
    }
  ],
  "top_confusions": [
    {
      "actual": "DDoS_ICMP",
      "predicted": "SQL_injection",
      "count": 4471
    },
    {
      "actual": "Port_Scanning",
      "predicted": "DDoS_UDP",
      "count": 4440
    },
    {
      "actual": "Uploading",
      "predicted": "SQL_injection",
      "count": 3361
    },
    {
      "actual": "Password",
      "predicted": "XSS",
      "count": 3299
    },
    {
      "actual": "XSS",
      "predicted": "DDoS_HTTP",
      "count": 869
    },
    {
      "actual": "DDoS_HTTP",
      "predicted": "XSS",
      "count": 693
    },
    {
      "actual": "XSS",
      "predicted": "Password",
      "count": 603
    },
    {
      "actual": "SQL_injection",
      "predicted": "Uploading",
      "count": 561
    },
    {
      "actual": "Password",
      "predicted": "Backdoor",
      "count": 540
    },
    {
      "actual": "DDoS_ICMP",
      "predicted": "Uploading",
      "count": 529
    },
    {
      "actual": "Vulnerability_scanner",
      "predicted": "DDoS_TCP",
      "count": 457
    },
    {
      "actual": "DDoS_UDP",
      "predicted": "Port_Scanning",
      "count": 446
    },
    {
      "actual": "Port_Scanning",
      "predicted": "DDoS_TCP",
      "count": 426
    }
  ],
  "problematic_confusions": [
    {
      "actual": "DDoS_ICMP",
      "predicted": "SQL_injection",
      "count": 4471,
      "rate": 0.8198
    },
    {
      "actual": "Port_Scanning",
      "predicted": "DDoS_UDP",
      "count": 4440,
      "rate": 0.8141
    },
    {
      "actual": "Uploading",
      "predicted": "SQL_injection",
      "count": 3361,
      "rate": 0.6162
    },
    {
      "actual": "Password",
      "predicted": "XSS",
      "count": 3299,
      "rate": 0.6049
    },
    {
      "actual": "XSS",
      "predicted": "DDoS_HTTP",
      "count": 869,
      "rate": 0.1593
    },
    {
      "actual": "DDoS_HTTP",
      "predicted": "XSS",
      "count": 693,
      "rate": 0.1271
    },
    {
      "actual": "XSS",
      "predicted": "Password",
      "count": 603,
      "rate": 0.1106
    },
    {
      "actual": "SQL_injection",
      "predicted": "Uploading",
      "count": 561,
      "rate": 0.1029
    }
  ],
  "confusion_matrix": {
    "labels": [
      "Normal",
      "DDoS_UDP",
      "DDoS_ICMP",
      "DDoS_TCP",
      "DDoS_HTTP",
      "Password",
      "Vulnerability_scanner",
      "SQL_injection",
      "Uploading",
      "Backdoor",
      "Port_Scanning",
      "XSS",
      "Ransomware",
      "MITM",
      "OS_Fingerprinting"
    ],