{
  "round": 36,
  "num_samples": 120000,
  "accuracy": 0.8210666666666666,
  "loss": 0.005524278625225028,
  "class_distribution": {
    "Normal": 60006,
    "DDoS_UDP": 5454,
    "DDoS_ICMP": 5454,
    "DDoS_TCP": 5454,
    "DDoS_HTTP": 5454,
    "Password": 5454,
    "Vulnerability_scanner": 5454,
    "SQL_injection": 5454,
    "Uploading": 5454,
    "Backdoor": 5454,
    "Port_Scanning": 5454,
    "XSS": 5454,
    "Ransomware": 0,
    "MITM": 0,
    "OS_Fingerprinting": 0
  },
  "inactive_classes": [
    "Ransomware",
    "MITM",
    "OS_Fingerprinting"
  ],
  "summary_metrics": {
    "accuracy": 0.8210666666666666,
    "macro_avg": {
      "precision": 0.554050756694427,
      "recall": 0.5380938204920493,
      "f1": 0.5209296466670874,
      "support": 120000
    },
    "weighted_avg": {
      "precision": 0.8323241033764257,
      "recall": 0.8210666666666666,
      "f1": 0.8095543099476754,
      "support": 120000
    }
  },
  "per_class_metrics": {
    "Normal": {
      "precision": 1.0,
      "recall": 0.9991667499916675,
      "f1": 0.9995832013470932,
      "support": 60006
    },
    "DDoS_UDP": {
      "precision": 0.5035437430786268,
      "recall": 0.8337000366703337,
      "f1": 0.627865230599282,
      "support": 5454
    },
    "DDoS_ICMP": {
      "precision": 0.3875099372846922,
      "recall": 0.8043637697103043,
      "f1": 0.5230402384500745,
      "support": 5454
    },
    "DDoS_TCP": {
      "precision": 0.9334132146525163,
      "recall": 0.9998166483314999,
      "f1": 0.9654745042492918,
      "support": 5454
    },
    "DDoS_HTTP": {
      "precision": 0.8338405356055996,
      "recall": 0.7535753575357536,
      "f1": 0.791678705576423,
      "support": 5454
    },
    "Password": {
      "precision": 0.6605092361457813,
      "recall": 0.24257425742574257,
      "f1": 0.35483438380045595,
      "support": 5454
    },
    "Vulnerability_scanner": {
      "precision": 0.9998145056575775,
      "recall": 0.9882654932159882,
      "f1": 0.9940064545873675,
      "support": 5454
    },
    "SQL_injection": {
      "precision": 0.40714621532675127,
      "recall": 0.15878254492115879,
      "f1": 0.2284659015960955,
      "support": 5454
    },
    "Uploading": {
      "precision": 0.6306801736613603,
      "recall": 0.39952328566189954,
      "f1": 0.48916825681894716,
      "support": 5454
    },
    "Backdoor": {
      "precision": 0.899852452969384,
      "recall": 0.8945727906123946,
      "f1": 0.8972048547260022,
      "support": 5454
    },
    "Port_Scanning": {
      "precision": 0.546622461665976,
      "recall": 0.24184085075174183,
      "f1": 0.3353247743739672,
      "support": 5454
    },
    "XSS": {
      "precision": 0.5078288743681421,
      "recall": 0.7552255225522553,
      "f1": 0.6072981938813122,
      "support": 5454
    },
    "Ransomware": {
      "precision": 0.0,
      "recall": 0.0,
      "f1": 0.0,
      "support": 0
    },
    "MITM": {
      "precision": 0.0,
      "recall": 0.0,
      "f1": 0.0,
      "support": 0
    },
    "OS_Fingerprinting": {
      "precision": 0.0,
      "recall": 0.0,
      "f1": 0.0,
      "support": 0
    }
  },
  "top_attack_types": [
    {
      "attack": "SQL_injection",
      "count": 5454
    },
    {
      "attack": "Vulnerability_scanner",
      "count": 5454
    },
    {
      "attack": "Password",
      "count": 5454
    },
    {
      "attack": "Uploading",
      "count": 5454
    },
    {
      "attack": "DDoS_HTTP",
      "count": 5454
    },
    {
      "attack": "DDoS_TCP",
      "count": 5454
    },
    {
      "attack": "DDoS_UDP",
      "count": 5454
    },
    {
      "attack": "DDoS_ICMP",
      "count": 5454
    },
    {
      "attack": "XSS",
      "count": 5454
    },
    {
      "attack": "Port_Scanning",
      "count": 5454
    },
    {
      "attack": "Backdoor",
      "count": 5454
    }
  ],
  "top_confusions": [
    {
      "actual": "SQL_injection",
      "predicted": "DDoS_ICMP",
      "count": 3984
    },
    {
      "actual": "Port_Scanning",
      "predicted": "DDoS_UDP",
      "count": 3948
    },
    {
      "actual": "Password",
      "predicted": "XSS",
      "count": 3299
    },
    {
      "actual": "Uploading",
      "predicted": "DDoS_ICMP",
      "count": 2864
    },
    {
      "actual": "DDoS_UDP",
      "predicted": "Port_Scanning",
      "count": 907
    },
    {
      "actual": "XSS",
      "predicted": "DDoS_HTTP",
      "count": 722
    },
    {
      "actual": "DDoS_ICMP",
      "predicted": "Uploading",
      "count": 701
    },
    {
      "actual": "DDoS_HTTP",
      "predicted": "XSS",
      "count": 693
    },
    {
      "actual": "XSS",
      "predicted": "Password",
      "count": 613
    },
    {
      "actual": "SQL_injection",
      "predicted": "Uploading",
      "count": 561
    },
    {
      "actual": "Password",
      "predicted": "Backdoor",
      "count": 540
    },
    {
      "actual": "DDoS_HTTP",
      "predicted": "SQL_injection",
      "count": 484
    },
    {
      "actual": "Uploading",
      "predicted": "SQL_injection",
      "count": 411
    }
  ],
  "problematic_confusions": [
    {
      "actual": "SQL_injection",
      "predicted": "DDoS_ICMP",
      "count": 3984,
      "rate": 0.7305
    },
    {
      "actual": "Port_Scanning",
      "predicted": "DDoS_UDP",
      "count": 3948,
      "rate": 0.7239
    },
    {
      "actual": "Password",
      "predicted": "XSS",
      "count": 3299,
      "rate": 0.6049
    },
    {
      "actual": "Uploading",
      "predicted": "DDoS_ICMP",
      "count": 2864,
      "rate": 0.5251
    },
    {
      "actual": "DDoS_UDP",
      "predicted": "Port_Scanning",
      "count": 907,
      "rate": 0.1663
    },
    {
      "actual": "XSS",
      "predicted": "DDoS_HTTP",
      "count": 722,
      "rate": 0.1324
    },
    {
      "actual": "DDoS_ICMP",
      "predicted": "Uploading",
      "count": 701,
      "rate": 0.1285
    },
    {
      "actual": "DDoS_HTTP",
      "predicted": "XSS",
      "count": 693,
      "rate": 0.1271
    },
    {
      "actual": "XSS",
      "predicted": "Password",
      "count": 613,
      "rate": 0.1124
    },
    {
      "actual": "SQL_injection",
      "predicted": "Uploading",
      "count": 561,
      "rate": 0.1029
    }
  ],
  "confusion_matrix": {
    "labels": [
      "Normal",
      "DDoS_UDP",
      "DDoS_ICMP",
      "DDoS_TCP",
      "DDoS_HTTP",
      "Password",
      "Vulnerability_scanner",
      "SQL_injection",
      "Uploading",
      "Backdoor",
      "Port_Scanning",
      "XSS",
      "Ransomware",
      "MITM",
      "OS_Fingerprinting"
    ],