{
  "round": 2,
  "num_samples": 120000,
  "accuracy": 0.5419416666666667,
  "loss": 0.020832858448723953,
  "class_distribution": {
    "Normal": 60006,
    "DDoS_UDP": 5454,
    "DDoS_ICMP": 5454,
    "DDoS_TCP": 5454,
    "DDoS_HTTP": 5454,
    "Password": 5454,
    "Vulnerability_scanner": 5454,
    "SQL_injection": 5454,
    "Uploading": 5454,
    "Backdoor": 5454,
    "Port_Scanning": 5454,
    "XSS": 5454,
    "Ransomware": 0,
    "MITM": 0,
    "OS_Fingerprinting": 0
  },
  "inactive_classes": [
    "Ransomware",
    "MITM",
    "OS_Fingerprinting"
  ],
  "summary_metrics": {
    "accuracy": 0.5419416666666667,
    "macro_avg": {
      "precision": 0.05936948232019643,
      "recall": 0.12811392250336145,
      "f1": 0.07997309489040277,
      "support": 120000
    },
    "weighted_avg": {
      "precision": 0.30290434021957596,
      "recall": 0.5419416666666667,
      "f1": 0.38728443213915886,
      "support": 120000
    }
  },
  "per_class_metrics": {
    "Normal": {
      "precision": 0.5772749574302288,
      "recall": 1.0,
      "f1": 0.7319902655029186,
      "support": 60006
    },
    "DDoS_UDP": {
      "precision": 0.0,
      "recall": 0.0,
      "f1": 0.0,
      "support": 5454
    },
    "DDoS_ICMP": {
      "precision": 0.0,
      "recall": 0.0,
      "f1": 0.0,
      "support": 5454
    },
    "DDoS_TCP": {
      "precision": 0.0,
      "recall": 0.0,
      "f1": 0.0,
      "support": 5454
    },
    "DDoS_HTTP": {
      "precision": 0.31326727737271765,
      "recall": 0.9217088375504217,
      "f1": 0.4676061578531231,
      "support": 5454
    },
    "Password": {
      "precision": 0.0,
      "recall": 0.0,
      "f1": 0.0,
      "support": 5454
    },
    "Vulnerability_scanner": {
      "precision": 0.0,
      "recall": 0.0,
      "f1": 0.0,
      "support": 5454
    },
    "SQL_injection": {
      "precision": 0.0,
      "recall": 0.0,
      "f1": 0.0,
      "support": 5454
    },
    "Uploading": {
      "precision": 0.0,
      "recall": 0.0,
      "f1": 0.0,
      "support": 5454
    },
    "Backdoor": {
      "precision": 0.0,
      "recall": 0.0,
      "f1": 0.0,
      "support": 5454
    },
    "Port_Scanning": {
      "precision": 0.0,
      "recall": 0.0,
      "f1": 0.0,
      "support": 5454
    },
    "XSS": {
      "precision": 0.0,
      "recall": 0.0,
      "f1": 0.0,
      "support": 5454
    },
    "Ransomware": {
      "precision": 0.0,
      "recall": 0.0,
      "f1": 0.0,
      "support": 0
    },
    "MITM": {
      "precision": 0.0,
      "recall": 0.0,
      "f1": 0.0,
      "support": 0
    },
    "OS_Fingerprinting": {
      "precision": 0.0,
      "recall": 0.0,
      "f1": 0.0,
      "support": 0
    }
  },
  "top_attack_types": [
    {
      "attack": "SQL_injection",
      "count": 5454
    },
    {
      "attack": "Vulnerability_scanner",
      "count": 5454
    },
    {
      "attack": "Password",
      "count": 5454
    },
    {
      "attack": "Uploading",
      "count": 5454
    },
    {
      "attack": "DDoS_HTTP",
      "count": 5454
    },
    {
      "attack": "DDoS_TCP",
      "count": 5454
    },
    {
      "attack": "DDoS_UDP",
      "count": 5454
    },
    {
      "attack": "DDoS_ICMP",
      "count": 5454
    },
    {
      "attack": "XSS",
      "count": 5454
    },
    {
      "attack": "Port_Scanning",
      "count": 5454
    },
    {
      "attack": "Backdoor",
      "count": 5454
    }
  ],
  "top_confusions": [
    {
      "actual": "Vulnerability_scanner",
      "predicted": "Normal",
      "count": 5454
    },
    {
      "actual": "DDoS_TCP",
      "predicted": "Normal",
      "count": 5454
    },
    {
      "actual": "DDoS_UDP",
      "predicted": "Normal",
      "count": 5454
    },
    {
      "actual": "Port_Scanning",
      "predicted": "Normal",
      "count": 5454
    },
    {
      "actual": "Backdoor",
      "predicted": "Normal",
      "count": 5454
    },
    {
      "actual": "XSS",
      "predicted": "DDoS_HTTP",
      "count": 5307
    },
    {
      "actual": "Uploading",
      "predicted": "Normal",
      "count": 5151
    },
    {
      "actual": "SQL_injection",
      "predicted": "Normal",
      "count": 5116
    },
    {
      "actual": "DDoS_ICMP",
      "predicted": "Normal",
      "count": 5051
    },
    {
      "actual": "Password",
      "predicted": "DDoS_HTTP",
      "count": 4675
    },
    {
      "actual": "Password",
      "predicted": "Normal",
      "count": 779
    },
    {
      "actual": "DDoS_HTTP",
      "predicted": "Normal",
      "count": 427
    },
    {
      "actual": "DDoS_ICMP",
      "predicted": "DDoS_HTTP",
      "count": 400
    },
    {
      "actual": "SQL_injection",
      "predicted": "DDoS_HTTP",
      "count": 337
    },
    {
      "actual": "Uploading",
      "predicted": "DDoS_HTTP",
      "count": 301
    },
    {
      "actual": "XSS",
      "predicted": "Normal",
      "count": 147
    },
    {
      "actual": "DDoS_ICMP",
      "predicted": "Password",
      "count": 3
    },
    {
      "actual": "Uploading",
      "predicted": "Password",
      "count": 2
    },
    {
      "actual": "SQL_injection",
      "predicted": "Password",
      "count": 1
    }
  ],
  "problematic_confusions": [
    {
      "actual": "Vulnerability_scanner",
      "predicted": "Normal",
      "count": 5454,
      "rate": 1.0
    },
    {
      "actual": "DDoS_TCP",
      "predicted": "Normal",
      "count": 5454,
      "rate": 1.0
    },
    {
      "actual": "DDoS_UDP",
      "predicted": "Normal",
      "count": 5454,
      "rate": 1.0
    },
    {
      "actual": "Port_Scanning",
      "predicted": "Normal",
      "count": 5454,
      "rate": 1.0
    },
    {
      "actual": "Backdoor",
      "predicted": "Normal",
      "count": 5454,
      "rate": 1.0
    },
    {
      "actual": "XSS",
      "predicted": "DDoS_HTTP",
      "count": 5307,
      "rate": 0.973
    },
    {
      "actual": "Uploading",
      "predicted": "Normal",
      "count": 5151,
      "rate": 0.9444
    },
    {
      "actual": "SQL_injection",
      "predicted": "Normal",
      "count": 5116,
      "rate": 0.938
    },
    {
      "actual": "DDoS_ICMP",
      "predicted": "Normal",
      "count": 5051,
      "rate": 0.9261
    },
    {
      "actual": "Password",
      "predicted": "DDoS_HTTP",
      "count": 4675,
      "rate": 0.8572
    },
    {
      "actual": "Password",
      "predicted": "Normal",
      "count": 779,
      "rate": 0.1428
    }
  ],
  "confusion_matrix": {
    "labels": [
      "Normal",
      "DDoS_UDP",
      "DDoS_ICMP",
      "DDoS_TCP",
      "DDoS_HTTP",
      "Password",
      "Vulnerability_scanner",
      "SQL_injection",
      "Uploading",
      "Backdoor",
      "Port_Scanning",
      "XSS",
      "Ransomware",
      "MITM",
      "OS_Fingerprinting"
    ],