{
  "round": 4,
  "num_samples": 120000,
  "accuracy": 0.6136,
  "loss": 0.016051811537643273,
  "class_distribution": {
    "Normal": 60006,
    "DDoS_UDP": 5454,
    "DDoS_ICMP": 5454,
    "DDoS_TCP": 5454,
    "DDoS_HTTP": 5454,
    "Password": 5454,
    "Vulnerability_scanner": 5454,
    "SQL_injection": 5454,
    "Uploading": 5454,
    "Backdoor": 5454,
    "Port_Scanning": 5454,
    "XSS": 5454,
    "Ransomware": 0,
    "MITM": 0,
    "OS_Fingerprinting": 0
  },
  "inactive_classes": [
    "Ransomware",
    "MITM",
    "OS_Fingerprinting"
  ],
  "summary_metrics": {
    "accuracy": 0.6136,
    "macro_avg": {
      "precision": 0.18480151171208717,
      "recall": 0.2332233223322332,
      "f1": 0.17307800783453603,
      "support": 120000
    },
    "weighted_avg": {
      "precision": 0.43661994387024583,
      "recall": 0.6136,
      "f1": 0.4870687770682571,
      "support": 120000
    }
  },
  "per_class_metrics": {
    "Normal": {
      "precision": 0.6833073322932918,
      "recall": 1.0,
      "f1": 0.8118628359592215,
      "support": 60006
    },
    "DDoS_UDP": {
      "precision": 0.0,
      "recall": 0.0,
      "f1": 0.0,
      "support": 5454
    },
    "DDoS_ICMP": {
      "precision": 0.0,
      "recall": 0.0,
      "f1": 0.0,
      "support": 5454
    },
    "DDoS_TCP": {
      "precision": 0.0,
      "recall": 0.0,
      "f1": 0.0,
      "support": 5454
    },
    "DDoS_HTTP": {
      "precision": 0.5595366057565986,
      "recall": 0.859002566923359,
      "f1": 0.6776596514066681,
      "support": 5454
    },
    "Password": {
      "precision": 0.10954063604240283,
      "recall": 0.005683901723505684,
      "f1": 0.010807042008018127,
      "support": 5454
    },
    "Vulnerability_scanner": {
      "precision": 0.6583333333333333,
      "recall": 0.043454345434543455,
      "f1": 0.08152734778121776,
      "support": 5454
    },
    "SQL_injection": {
      "precision": 0.0,
      "recall": 0.0,
      "f1": 0.0,
      "support": 5454
    },
    "Uploading": {
      "precision": 0.35624441542374047,
      "recall": 0.9503116978364503,
      "f1": 0.518222266660001,
      "support": 5454
    },
    "Backdoor": {
      "precision": 0.0,
      "recall": 0.0,
      "f1": 0.0,
      "support": 5454
    },
    "Port_Scanning": {
      "precision": 0.0,
      "recall": 0.0,
      "f1": 0.0,
      "support": 5454
    },
    "XSS": {
      "precision": 0.4050603528319406,
      "recall": 0.6398973230656398,
      "f1": 0.496090973702914,
      "support": 5454
    },
    "Ransomware": {
      "precision": 0.0,
      "recall": 0.0,
      "f1": 0.0,
      "support": 0
    },
    "MITM": {
      "precision": 0.0,
      "recall": 0.0,
      "f1": 0.0,
      "support": 0
    },
    "OS_Fingerprinting": {
      "precision": 0.0,
      "recall": 0.0,
      "f1": 0.0,
      "support": 0
    }
  },
  "top_attack_types": [
    {
      "attack": "SQL_injection",
      "count": 5454
    },
    {
      "attack": "Vulnerability_scanner",
      "count": 5454
    },
    {
      "attack": "Password",
      "count": 5454
    },
    {
      "attack": "Uploading",
      "count": 5454
    },
    {
      "attack": "DDoS_HTTP",
      "count": 5454
    },
    {
      "attack": "DDoS_TCP",
      "count": 5454
    },
    {
      "attack": "DDoS_UDP",
      "count": 5454
    },
    {
      "attack": "DDoS_ICMP",
      "count": 5454
    },
    {
      "attack": "XSS",
      "count": 5454
    },
    {
      "attack": "Port_Scanning",
      "count": 5454
    },
    {
      "attack": "Backdoor",
      "count": 5454
    }
  ],
  "top_confusions": [
    {
      "actual": "DDoS_TCP",
      "predicted": "Normal",
      "count": 5454
    },
    {
      "actual": "DDoS_UDP",
      "predicted": "Normal",
      "count": 5454
    },
    {
      "actual": "Port_Scanning",
      "predicted": "Normal",
      "count": 5454
    },
    {
      "actual": "Backdoor",
      "predicted": "Normal",
      "count": 5454
    },
    {
      "actual": "Vulnerability_scanner",
      "predicted": "Normal",
      "count": 5217
    },
    {
      "actual": "DDoS_ICMP",
      "predicted": "Uploading",
      "count": 4722
    },
    {
      "actual": "SQL_injection",
      "predicted": "Uploading",
      "count": 4545
    },
    {
      "actual": "Password",
      "predicted": "XSS",
      "count": 4478
    },
    {
      "actual": "XSS",
      "predicted": "DDoS_HTTP",
      "count": 1732
    },
    {
      "actual": "SQL_injection",
      "predicted": "DDoS_HTTP",
      "count": 909
    },
    {
      "actual": "Password",
      "predicted": "Normal",
      "count": 778
    },
    {
      "actual": "DDoS_HTTP",
      "predicted": "XSS",
      "count": 648
    },
    {
      "actual": "DDoS_ICMP",
      "predicted": "DDoS_HTTP",
      "count": 609
    },
    {
      "actual": "Uploading",
      "predicted": "DDoS_HTTP",
      "count": 271
    },
    {
      "actual": "XSS",
      "predicted": "Password",
      "count": 232
    },
    {
      "actual": "Password",
      "predicted": "DDoS_HTTP",
      "count": 167
    },
    {
      "actual": "DDoS_ICMP",
      "predicted": "Vulnerability_scanner",
      "count": 123
    },
    {
      "actual": "DDoS_HTTP",
      "predicted": "Uploading",
      "count": 99
    },
    {
      "actual": "DDoS_HTTP",
      "predicted": "Password",
      "count": 20
    }
  ],
  "problematic_confusions": [
    {
      "actual": "DDoS_TCP",
      "predicted": "Normal",
      "count": 5454,
      "rate": 1.0
    },
    {
      "actual": "DDoS_UDP",
      "predicted": "Normal",
      "count": 5454,
      "rate": 1.0
    },
    {
      "actual": "Port_Scanning",
      "predicted": "Normal",
      "count": 5454,
      "rate": 1.0
    },
    {
      "actual": "Backdoor",
      "predicted": "Normal",
      "count": 5454,
      "rate": 1.0
    },
    {
      "actual": "Vulnerability_scanner",
      "predicted": "Normal",
      "count": 5217,
      "rate": 0.9565
    },
    {
      "actual": "DDoS_ICMP",
      "predicted": "Uploading",
      "count": 4722,
      "rate": 0.8658
    },
    {
      "actual": "SQL_injection",
      "predicted": "Uploading",
      "count": 4545,
      "rate": 0.8333
    },
    {
      "actual": "Password",
      "predicted": "XSS",
      "count": 4478,
      "rate": 0.821
    },
    {
      "actual": "XSS",
      "predicted": "DDoS_HTTP",
      "count": 1732,
      "rate": 0.3176
    },
    {
      "actual": "SQL_injection",
      "predicted": "DDoS_HTTP",
      "count": 909,
      "rate": 0.1667
    },
    {
      "actual": "Password",
      "predicted": "Normal",
      "count": 778,
      "rate": 0.1426
    },
    {
      "actual": "DDoS_HTTP",
      "predicted": "XSS",
      "count": 648,
      "rate": 0.1188
    },
    {
      "actual": "DDoS_ICMP",
      "predicted": "DDoS_HTTP",
      "count": 609,
      "rate": 0.1117
    }
  ],
  "confusion_matrix": {
    "labels": [
      "Normal",
      "DDoS_UDP",
      "DDoS_ICMP",
      "DDoS_TCP",
      "DDoS_HTTP",
      "Password",
      "Vulnerability_scanner",
      "SQL_injection",
      "Uploading",
      "Backdoor",
      "Port_Scanning",
      "XSS",
      "Ransomware",
      "MITM",
      "OS_Fingerprinting"
    ],