{
  "round": 3,
  "num_samples": 120000,
  "accuracy": 0.5791583333333333,
  "loss": 0.01820196892917156,
  "class_distribution": {
    "Normal": 60006,
    "DDoS_UDP": 5454,
    "DDoS_ICMP": 5454,
    "DDoS_TCP": 5454,
    "DDoS_HTTP": 5454,
    "Password": 5454,
    "Vulnerability_scanner": 5454,
    "SQL_injection": 5454,
    "Uploading": 5454,
    "Backdoor": 5454,
    "Port_Scanning": 5454,
    "XSS": 5454,
    "Ransomware": 0,
    "MITM": 0,
    "OS_Fingerprinting": 0
  },
  "inactive_classes": [
    "Ransomware",
    "MITM",
    "OS_Fingerprinting"
  ],
  "summary_metrics": {
    "accuracy": 0.5791583333333333,
    "macro_avg": {
      "precision": 0.11392704839483118,
      "recall": 0.18270382593814938,
      "f1": 0.12698020253229395,
      "support": 120000
    },
    "weighted_avg": {
      "precision": 0.3870330640625962,
      "recall": 0.5791583333333333,
      "f1": 0.45474496222318966,
      "support": 120000
    }
  },
  "per_class_metrics": {
    "Normal": {
      "precision": 0.6805175952912891,
      "recall": 1.0,
      "f1": 0.8098904732661641,
      "support": 60006
    },
    "DDoS_UDP": {
      "precision": 0.0,
      "recall": 0.0,
      "f1": 0.0,
      "support": 5454
    },
    "DDoS_ICMP": {
      "precision": 0.0,
      "recall": 0.0,
      "f1": 0.0,
      "support": 5454
    },
    "DDoS_TCP": {
      "precision": 0.0,
      "recall": 0.0,
      "f1": 0.0,
      "support": 5454
    },
    "DDoS_HTTP": {
      "precision": 0.5570222380782495,
      "recall": 0.8588192152548588,
      "f1": 0.6757556084541585,
      "support": 5454
    },
    "Password": {
      "precision": 0.20446197796218202,
      "recall": 0.8267326732673267,
      "f1": 0.3278438215726906,
      "support": 5454
    },
    "Vulnerability_scanner": {
      "precision": 0.0,
      "recall": 0.0,
      "f1": 0.0,
      "support": 5454
    },
    "SQL_injection": {
      "precision": 0.0,
      "recall": 0.0,
      "f1": 0.0,
      "support": 5454
    },
    "Uploading": {
      "precision": 0.2669039145907473,
      "recall": 0.05500550055005501,
      "f1": 0.09121313469139557,
      "support": 5454
    },
    "Backdoor": {
      "precision": 0.0,
      "recall": 0.0,
      "f1": 0.0,
      "support": 5454
    },
    "Port_Scanning": {
      "precision": 0.0,
      "recall": 0.0,
      "f1": 0.0,
      "support": 5454
    },
    "XSS": {
      "precision": 0.0,
      "recall": 0.0,
      "f1": 0.0,
      "support": 5454
    },
    "Ransomware": {
      "precision": 0.0,
      "recall": 0.0,
      "f1": 0.0,
      "support": 0
    },
    "MITM": {
      "precision": 0.0,
      "recall": 0.0,
      "f1": 0.0,
      "support": 0
    },
    "OS_Fingerprinting": {
      "precision": 0.0,
      "recall": 0.0,
      "f1": 0.0,
      "support": 0
    }
  },
  "top_attack_types": [
    {
      "attack": "SQL_injection",
      "count": 5454
    },
    {
      "attack": "Vulnerability_scanner",
      "count": 5454
    },
    {
      "attack": "Password",
      "count": 5454
    },
    {
      "attack": "Uploading",
      "count": 5454
    },
    {
      "attack": "DDoS_HTTP",
      "count": 5454
    },
    {
      "attack": "DDoS_TCP",
      "count": 5454
    },
    {
      "attack": "DDoS_UDP",
      "count": 5454
    },
    {
      "attack": "DDoS_ICMP",
      "count": 5454
    },
    {
      "attack": "XSS",
      "count": 5454
    },
    {
      "attack": "Port_Scanning",
      "count": 5454
    },
    {
      "attack": "Backdoor",
      "count": 5454
    }
  ],
  "top_confusions": [
    {
      "actual": "Vulnerability_scanner",
      "predicted": "Normal",
      "count": 5454
    },
    {
      "actual": "DDoS_TCP",
      "predicted": "Normal",
      "count": 5454
    },
    {
      "actual": "DDoS_UDP",
      "predicted": "Normal",
      "count": 5454
    },
    {
      "actual": "Port_Scanning",
      "predicted": "Normal",
      "count": 5454
    },
    {
      "actual": "Backdoor",
      "predicted": "Normal",
      "count": 5454
    },
    {
      "actual": "Uploading",
      "predicted": "Password",
      "count": 4611
    },
    {
      "actual": "DDoS_ICMP",
      "predicted": "Password",
      "count": 4309
    },
    {
      "actual": "SQL_injection",
      "predicted": "Password",
      "count": 4141
    },
    {
      "actual": "XSS",
      "predicted": "Password",
      "count": 3722
    },
    {
      "actual": "XSS",
      "predicted": "DDoS_HTTP",
      "count": 1732
    },
    {
      "actual": "SQL_injection",
      "predicted": "DDoS_HTTP",
      "count": 909
    },
    {
      "actual": "Password",
      "predicted": "Normal",
      "count": 778
    },
    {
      "actual": "DDoS_HTTP",
      "predicted": "Password",
      "count": 761
    },
    {
      "actual": "Uploading",
      "predicted": "DDoS_HTTP",
      "count": 543
    },
    {
      "actual": "DDoS_ICMP",
      "predicted": "Uploading",
      "count": 413
    },
    {
      "actual": "SQL_injection",
      "predicted": "Uploading",
      "count": 404
    },
    {
      "actual": "DDoS_ICMP",
      "predicted": "DDoS_HTTP",
      "count": 374
    },
    {
      "actual": "DDoS_ICMP",
      "predicted": "Vulnerability_scanner",
      "count": 235
    },
    {
      "actual": "Password",
      "predicted": "DDoS_HTTP",
      "count": 167
    },
    {
      "actual": "DDoS_ICMP",
      "predicted": "Normal",
      "count": 123
    },
    {
      "actual": "DDoS_HTTP",
      "predicted": "Uploading",
      "count": 7
    }
  ],
  "problematic_confusions": [
    {
      "actual": "Vulnerability_scanner",
      "predicted": "Normal",
      "count": 5454,
      "rate": 1.0
    },
    {
      "actual": "DDoS_TCP",
      "predicted": "Normal",
      "count": 5454,
      "rate": 1.0
    },
    {
      "actual": "DDoS_UDP",
      "predicted": "Normal",
      "count": 5454,
      "rate": 1.0
    },
    {
      "actual": "Port_Scanning",
      "predicted": "Normal",
      "count": 5454,
      "rate": 1.0
    },
    {
      "actual": "Backdoor",
      "predicted": "Normal",
      "count": 5454,
      "rate": 1.0
    },
    {
      "actual": "Uploading",
      "predicted": "Password",
      "count": 4611,
      "rate": 0.8454
    },
    {
      "actual": "DDoS_ICMP",
      "predicted": "Password",
      "count": 4309,
      "rate": 0.7901
    },
    {
      "actual": "SQL_injection",
      "predicted": "Password",
      "count": 4141,
      "rate": 0.7593
    },
    {
      "actual": "XSS",
      "predicted": "Password",
      "count": 3722,
      "rate": 0.6824
    },
    {
      "actual": "XSS",
      "predicted": "DDoS_HTTP",
      "count": 1732,
      "rate": 0.3176
    },
    {
      "actual": "SQL_injection",
      "predicted": "DDoS_HTTP",
      "count": 909,
      "rate": 0.1667
    },
    {
      "actual": "Password",
      "predicted": "Normal",
      "count": 778,
      "rate": 0.1426
    },
    {
      "actual": "DDoS_HTTP",
      "predicted": "Password",
      "count": 761,
      "rate": 0.1395
    }
  ],
  "confusion_matrix": {
    "labels": [
      "Normal",
      "DDoS_UDP",
      "DDoS_ICMP",
      "DDoS_TCP",
      "DDoS_HTTP",
      "Password",
      "Vulnerability_scanner",
      "SQL_injection",
      "Uploading",
      "Backdoor",
      "Port_Scanning",
      "XSS",
      "Ransomware",
      "MITM",
      "OS_Fingerprinting"
    ],