{
  "round": 39,
  "num_samples": 120000,
  "accuracy": 0.8243166666666667,
  "loss": 0.005489889806012313,
  "class_distribution": {
    "Normal": 60006,
    "DDoS_UDP": 5454,
    "DDoS_ICMP": 5454,
    "DDoS_TCP": 5454,
    "DDoS_HTTP": 5454,
    "Password": 5454,
    "Vulnerability_scanner": 5454,
    "SQL_injection": 5454,
    "Uploading": 5454,
    "Backdoor": 5454,
    "Port_Scanning": 5454,
    "XSS": 5454,
    "Ransomware": 0,
    "MITM": 0,
    "OS_Fingerprinting": 0
  },
  "inactive_classes": [
    "Ransomware",
    "MITM",
    "OS_Fingerprinting"
  ],
  "summary_metrics": {
    "accuracy": 0.8243166666666667,
    "macro_avg": {
      "precision": 0.5657010645138262,
      "recall": 0.542860963873054,
      "f1": 0.5279441848832056,
      "support": 120000
    },
    "weighted_avg": {
      "precision": 0.840266700732301,
      "recall": 0.8243166666666667,
      "f1": 0.814336471376514,
      "support": 120000
    }
  },
  "per_class_metrics": {
    "Normal": {
      "precision": 1.0,
      "recall": 0.9991667499916675,
      "f1": 0.9995832013470932,
      "support": 60006
    },
    "DDoS_UDP": {
      "precision": 0.5537555228276878,
      "recall": 0.7583425009167584,
      "f1": 0.6400990482086203,
      "support": 5454
    },
    "DDoS_ICMP": {
      "precision": 0.5641609719058466,
      "recall": 0.13623028969563622,
      "f1": 0.2194653670063506,
      "support": 5454
    },
    "DDoS_TCP": {
      "precision": 0.9330937713894593,
      "recall": 0.9998166483314999,
      "f1": 0.9653035935563816,
      "support": 5454
    },
    "DDoS_HTTP": {
      "precision": 0.8411788784281621,
      "recall": 0.7535753575357536,
      "f1": 0.7949709864603481,
      "support": 5454
    },
    "Password": {
      "precision": 0.6605092361457813,
      "recall": 0.24257425742574257,
      "f1": 0.35483438380045595,
      "support": 5454
    },
    "Vulnerability_scanner": {
      "precision": 0.9992591220596406,
      "recall": 0.9891822515584892,
      "f1": 0.9941951534138026,
      "support": 5454
    },
    "SQL_injection": {
      "precision": 0.37408473879062115,
      "recall": 0.8337000366703337,
      "f1": 0.5164404565847011,
      "support": 5454
    },
    "Uploading": {
      "precision": 0.627230857800806,
      "recall": 0.39952328566189954,
      "f1": 0.48812724014336917,
      "support": 5454
    },
    "Backdoor": {
      "precision": 0.9015151515151515,
      "recall": 0.8945727906123946,
      "f1": 0.8980305540217192,
      "support": 5454
    },
    "Port_Scanning": {
      "precision": 0.5228988424760946,
      "recall": 0.381004767143381,
      "f1": 0.4408145948239287,
      "support": 5454
    },
    "XSS": {
      "precision": 0.5078288743681421,
      "recall": 0.7552255225522553,
      "f1": 0.6072981938813122,
      "support": 5454
    },
    "Ransomware": {
      "precision": 0.0,
      "recall": 0.0,
      "f1": 0.0,
      "support": 0
    },
    "MITM": {
      "precision": 0.0,
      "recall": 0.0,
      "f1": 0.0,
      "support": 0
    },
    "OS_Fingerprinting": {
      "precision": 0.0,
      "recall": 0.0,
      "f1": 0.0,
      "support": 0
    }
  },
  "top_attack_types": [
    {
      "attack": "SQL_injection",
      "count": 5454
    },
    {
      "attack": "Vulnerability_scanner",
      "count": 5454
    },
    {
      "attack": "Password",
      "count": 5454
    },
    {
      "attack": "Uploading",
      "count": 5454
    },
    {
      "attack": "DDoS_HTTP",
      "count": 5454
    },
    {
      "attack": "DDoS_TCP",
      "count": 5454
    },
    {
      "attack": "DDoS_UDP",
      "count": 5454
    },
    {
      "attack": "DDoS_ICMP",
      "count": 5454
    },
    {
      "attack": "XSS",
      "count": 5454
    },
    {
      "attack": "Port_Scanning",
      "count": 5454
    },
    {
      "attack": "Backdoor",
      "count": 5454
    }
  ],
  "top_confusions": [
    {
      "actual": "DDoS_ICMP",
      "predicted": "SQL_injection",
      "count": 3991
    },
    {
      "actual": "Password",
      "predicted": "XSS",
      "count": 3299
    },
    {
      "actual": "Port_Scanning",
      "predicted": "DDoS_UDP",
      "count": 3189
    },
    {
      "actual": "Uploading",
      "predicted": "SQL_injection",
      "count": 3052
    },
    {
      "actual": "DDoS_UDP",
      "predicted": "Port_Scanning",
      "count": 1318
    },
    {
      "actual": "XSS",
      "predicted": "DDoS_HTTP",
      "count": 722
    },
    {
      "actual": "DDoS_ICMP",
      "predicted": "Uploading",
      "count": 720
    },
    {
      "actual": "DDoS_HTTP",
      "predicted": "XSS",
      "count": 693
    },
    {
      "actual": "XSS",
      "predicted": "Password",
      "count": 613
    },
    {
      "actual": "DDoS_HTTP",
      "predicted": "SQL_injection",
      "count": 565
    },
    {
      "actual": "SQL_injection",
      "predicted": "Uploading",
      "count": 561
    },
    {
      "actual": "Password",
      "predicted": "Backdoor",
      "count": 532
    },
    {
      "actual": "SQL_injection",
      "predicted": "DDoS_ICMP",
      "count": 346
    }
  ],
  "problematic_confusions": [
    {
      "actual": "DDoS_ICMP",
      "predicted": "SQL_injection",
      "count": 3991,
      "rate": 0.7318
    },
    {
      "actual": "Password",
      "predicted": "XSS",
      "count": 3299,
      "rate": 0.6049
    },
    {
      "actual": "Port_Scanning",
      "predicted": "DDoS_UDP",
      "count": 3189,
      "rate": 0.5847
    },
    {
      "actual": "Uploading",
      "predicted": "SQL_injection",
      "count": 3052,
      "rate": 0.5596
    },
    {
      "actual": "DDoS_UDP",
      "predicted": "Port_Scanning",
      "count": 1318,
      "rate": 0.2417
    },
    {
      "actual": "XSS",
      "predicted": "DDoS_HTTP",
      "count": 722,
      "rate": 0.1324
    },
    {
      "actual": "DDoS_ICMP",
      "predicted": "Uploading",
      "count": 720,
      "rate": 0.132
    },
    {
      "actual": "DDoS_HTTP",
      "predicted": "XSS",
      "count": 693,
      "rate": 0.1271
    },
    {
      "actual": "XSS",
      "predicted": "Password",
      "count": 613,
      "rate": 0.1124
    },
    {
      "actual": "DDoS_HTTP",
      "predicted": "SQL_injection",
      "count": 565,
      "rate": 0.1036
    },
    {
      "actual": "SQL_injection",
      "predicted": "Uploading",
      "count": 561,
      "rate": 0.1029
    }
  ],
  "confusion_matrix": {
    "labels": [
      "Normal",
      "DDoS_UDP",
      "DDoS_ICMP",
      "DDoS_TCP",
      "DDoS_HTTP",
      "Password",
      "Vulnerability_scanner",
      "SQL_injection",
      "Uploading",
      "Backdoor",
      "Port_Scanning",
      "XSS",
      "Ransomware",
      "MITM",
      "OS_Fingerprinting"
    ],