{
  "round": 11,
  "num_samples": 120000,
  "accuracy": 0.8079666666666667,
  "loss": 0.00803272267828385,
  "class_distribution": {
    "Normal": 60006,
    "DDoS_UDP": 5454,
    "DDoS_ICMP": 5454,
    "DDoS_TCP": 5454,
    "DDoS_HTTP": 5454,
    "Password": 5454,
    "Vulnerability_scanner": 5454,
    "SQL_injection": 5454,
    "Uploading": 5454,
    "Backdoor": 5454,
    "Port_Scanning": 5454,
    "XSS": 5454,
    "Ransomware": 0,
    "MITM": 0,
    "OS_Fingerprinting": 0
  },
  "inactive_classes": [
    "Ransomware",
    "MITM",
    "OS_Fingerprinting"
  ],
  "summary_metrics": {
    "accuracy": 0.8079666666666667,
    "macro_avg": {
      "precision": 0.5072481730440488,
      "recall": 0.5195230874174531,
      "f1": 0.47879903385039635,
      "support": 120000
    },
    "weighted_avg": {
      "precision": 0.8004164419727803,
      "recall": 0.8079666666666667,
      "f1": 0.7806117737534484,
      "support": 120000
    }
  },
  "per_class_metrics": {
    "Normal": {
      "precision": 1.0,
      "recall": 0.9982001799820018,
      "f1": 0.9990992794235388,
      "support": 60006
    },
    "DDoS_UDP": {
      "precision": 0.4978548607941579,
      "recall": 1.0,
      "f1": 0.6647571454689499,
      "support": 5454
    },
    "DDoS_ICMP": {
      "precision": 0.5321888412017167,
      "recall": 0.06820682068206821,
      "f1": 0.12091662603607996,
      "support": 5454
    },
    "DDoS_TCP": {
      "precision": 0.9130512408498482,
      "recall": 0.9376604327099377,
      "f1": 0.9251922207146088,
      "support": 5454
    },
    "DDoS_HTTP": {
      "precision": 0.7320020137606981,
      "recall": 0.7997799779977998,
      "f1": 0.7643914833961272,
      "support": 5454
    },
    "Password": {
      "precision": 0.6668346774193549,
      "recall": 0.24257425742574257,
      "f1": 0.35574079053509006,
      "support": 5454
    },
    "Vulnerability_scanner": {
      "precision": 1.0,
      "recall": 0.9118078474514119,
      "f1": 0.9538697611968927,
      "support": 5454
    },
    "SQL_injection": {
      "precision": 0.3642183011899877,
      "recall": 0.8137147048038137,
      "f1": 0.5032031294291059,
      "support": 5454
    },
    "Uploading": {
      "precision": 0.6484848484848484,
      "recall": 0.37275394206087276,
      "f1": 0.4733962044475492,
      "support": 5454
    },
    "Backdoor": {
      "precision": 0.7543383129621246,
      "recall": 0.9165749908324166,
      "f1": 0.8275804983031206,
      "support": 5454
    },
    "Port_Scanning": {
      "precision": 0.0,
      "recall": 0.0,
      "f1": 0.0,
      "support": 5454
    },
    "XSS": {
      "precision": 0.499749498997996,
      "recall": 0.7315731573157316,
      "f1": 0.5938383688048817,
      "support": 5454
    },
    "Ransomware": {
      "precision": 0.0,
      "recall": 0.0,
      "f1": 0.0,
      "support": 0
    },
    "MITM": {
      "precision": 0.0,
      "recall": 0.0,
      "f1": 0.0,
      "support": 0
    },
    "OS_Fingerprinting": {
      "precision": 0.0,
      "recall": 0.0,
      "f1": 0.0,
      "support": 0
    }
  },
  "top_attack_types": [
    {
      "attack": "SQL_injection",
      "count": 5454
    },
    {
      "attack": "Vulnerability_scanner",
      "count": 5454
    },
    {
      "attack": "Password",
      "count": 5454
    },
    {
      "attack": "Uploading",
      "count": 5454
    },
    {
      "attack": "DDoS_HTTP",
      "count": 5454
    },
    {
      "attack": "DDoS_TCP",
      "count": 5454
    },
    {
      "attack": "DDoS_UDP",
      "count": 5454
    },
    {
      "attack": "DDoS_ICMP",
      "count": 5454
    },
    {
      "attack": "XSS",
      "count": 5454
    },
    {
      "attack": "Port_Scanning",
      "count": 5454
    },
    {
      "attack": "Backdoor",
      "count": 5454
    }
  ],
  "top_confusions": [
    {
      "actual": "Port_Scanning",
      "predicted": "DDoS_UDP",
      "count": 4865
    },
    {
      "actual": "DDoS_ICMP",
      "predicted": "SQL_injection",
      "count": 4553
    },
    {
      "actual": "Password",
      "predicted": "XSS",
      "count": 3299
    },
    {
      "actual": "Uploading",
      "predicted": "SQL_injection",
      "count": 2875
    },
    {
      "actual": "XSS",
      "predicted": "DDoS_HTTP",
      "count": 869
    },
    {
      "actual": "DDoS_HTTP",
      "predicted": "XSS",
      "count": 695
    },
    {
      "actual": "XSS",
      "predicted": "Password",
      "count": 595
    },
    {
      "actual": "SQL_injection",
      "predicted": "Uploading",
      "count": 561
    },
    {
      "actual": "Password",
      "predicted": "Backdoor",
      "count": 542
    },
    {
      "actual": "DDoS_ICMP",
      "predicted": "Uploading",
      "count": 529
    },
    {
      "actual": "Vulnerability_scanner",
      "predicted": "Backdoor",
      "count": 481
    },
    {
      "actual": "SQL_injection",
      "predicted": "DDoS_HTTP",
      "count": 455
    },
    {
      "actual": "Port_Scanning",
      "predicted": "DDoS_TCP",
      "count": 402
    },
    {
      "actual": "Backdoor",
      "predicted": "DDoS_UDP",
      "count": 391
    }
  ],
  "problematic_confusions": [
    {
      "actual": "Port_Scanning",
      "predicted": "DDoS_UDP",
      "count": 4865,
      "rate": 0.892
    },
    {
      "actual": "DDoS_ICMP",
      "predicted": "SQL_injection",
      "count": 4553,
      "rate": 0.8348
    },
    {
      "actual": "Password",
      "predicted": "XSS",
      "count": 3299,
      "rate": 0.6049
    },
    {
      "actual": "Uploading",
      "predicted": "SQL_injection",
      "count": 2875,
      "rate": 0.5271
    },
    {
      "actual": "XSS",
      "predicted": "DDoS_HTTP",
      "count": 869,
      "rate": 0.1593
    },
    {
      "actual": "DDoS_HTTP",
      "predicted": "XSS",
      "count": 695,
      "rate": 0.1274
    },
    {
      "actual": "XSS",
      "predicted": "Password",
      "count": 595,
      "rate": 0.1091
    },
    {
      "actual": "SQL_injection",
      "predicted": "Uploading",
      "count": 561,
      "rate": 0.1029
    }
  ],
  "confusion_matrix": {
    "labels": [
      "Normal",
      "DDoS_UDP",
      "DDoS_ICMP",
      "DDoS_TCP",
      "DDoS_HTTP",
      "Password",
      "Vulnerability_scanner",
      "SQL_injection",
      "Uploading",
      "Backdoor",
      "Port_Scanning",
      "XSS",
      "Ransomware",
      "MITM",
      "OS_Fingerprinting"
    ],