{
  "round": 31,
  "num_samples": 120000,
  "accuracy": 0.8196833333333333,
  "loss": 0.005594737610841791,
  "class_distribution": {
    "Normal": 60006,
    "DDoS_UDP": 5454,
    "DDoS_ICMP": 5454,
    "DDoS_TCP": 5454,
    "DDoS_HTTP": 5454,
    "Password": 5454,
    "Vulnerability_scanner": 5454,
    "SQL_injection": 5454,
    "Uploading": 5454,
    "Backdoor": 5454,
    "Port_Scanning": 5454,
    "XSS": 5454,
    "Ransomware": 0,
    "MITM": 0,
    "OS_Fingerprinting": 0
  },
  "inactive_classes": [
    "Ransomware",
    "MITM",
    "OS_Fingerprinting"
  ],
  "summary_metrics": {
    "accuracy": 0.8196833333333333,
    "macro_avg": {
      "precision": 0.547597018594521,
      "recall": 0.5360647286939807,
      "f1": 0.5204544023614638,
      "support": 120000
    },
    "weighted_avg": {
      "precision": 0.8279242674268148,
      "recall": 0.8196833333333333,
      "f1": 0.8092303121423164,
      "support": 120000
    }
  },
  "per_class_metrics": {
    "Normal": {
      "precision": 1.0,
      "recall": 0.9991667499916675,
      "f1": 0.9995832013470932,
      "support": 60006
    },
    "DDoS_UDP": {
      "precision": 0.5460010454783063,
      "recall": 0.766043270993766,
      "f1": 0.637570578361056,
      "support": 5454
    },
    "DDoS_ICMP": {
      "precision": 0.390508657037768,
      "recall": 0.7981298129812981,
      "f1": 0.5244262393831697,
      "support": 5454
    },
    "DDoS_TCP": {
      "precision": 0.9225173405515141,
      "recall": 0.9998166483314999,
      "f1": 0.959612846458425,
      "support": 5454
    },
    "DDoS_HTTP": {
      "precision": 0.834043416514506,
      "recall": 0.7537587092042538,
      "f1": 0.7918713281325244,
      "support": 5454
    },
    "Password": {
      "precision": 0.48369179862916567,
      "recall": 0.7504583791712505,
      "f1": 0.5882437482035068,
      "support": 5454
    },
    "Vulnerability_scanner": {
      "precision": 1.0,
      "recall": 0.9783645031169783,
      "f1": 0.9890639481000927,
      "support": 5454
    },
    "SQL_injection": {
      "precision": 0.38120333772507686,
      "recall": 0.15914924825815915,
      "f1": 0.22455051093002198,
      "support": 5454
    },
    "Uploading": {
      "precision": 0.6259695489801781,
      "recall": 0.39952328566189954,
      "f1": 0.48774482372691663,
      "support": 5454
    },
    "Backdoor": {
      "precision": 0.9021819526627219,
      "recall": 0.8945727906123946,
      "f1": 0.8983612594365679,
      "support": 5454
    },
    "Port_Scanning": {
      "precision": 0.5114745449749406,
      "recall": 0.35551888522185554,
      "f1": 0.41946998377501354,
      "support": 5454
    },
    "XSS": {
      "precision": 0.6163636363636363,
      "recall": 0.18646864686468648,
      "f1": 0.28631756756756754,
      "support": 5454
    },
    "Ransomware": {
      "precision": 0.0,
      "recall": 0.0,
      "f1": 0.0,
      "support": 0
    },
    "MITM": {
      "precision": 0.0,
      "recall": 0.0,
      "f1": 0.0,
      "support": 0
    },
    "OS_Fingerprinting": {
      "precision": 0.0,
      "recall": 0.0,
      "f1": 0.0,
      "support": 0
    }
  },
  "top_attack_types": [
    {
      "attack": "SQL_injection",
      "count": 5454
    },
    {
      "attack": "Vulnerability_scanner",
      "count": 5454
    },
    {
      "attack": "Password",
      "count": 5454
    },
    {
      "attack": "Uploading",
      "count": 5454
    },
    {
      "attack": "DDoS_HTTP",
      "count": 5454
    },
    {
      "attack": "DDoS_TCP",
      "count": 5454
    },
    {
      "attack": "DDoS_UDP",
      "count": 5454
    },
    {
      "attack": "DDoS_ICMP",
      "count": 5454
    },
    {
      "attack": "XSS",
      "count": 5454
    },
    {
      "attack": "Port_Scanning",
      "count": 5454
    },
    {
      "attack": "Backdoor",
      "count": 5454
    }
  ],
  "top_confusions": [
    {
      "actual": "SQL_injection",
      "predicted": "DDoS_ICMP",
      "count": 3984
    },
    {
      "actual": "XSS",
      "predicted": "Password",
      "count": 3714
    },
    {
      "actual": "Port_Scanning",
      "predicted": "DDoS_UDP",
      "count": 3328
    },
    {
      "actual": "Uploading",
      "predicted": "DDoS_ICMP",
      "count": 2724
    },
    {
      "actual": "DDoS_UDP",
      "predicted": "Port_Scanning",
      "count": 1276
    },
    {
      "actual": "DDoS_ICMP",
      "predicted": "Uploading",
      "count": 727
    },
    {
      "actual": "XSS",
      "predicted": "DDoS_HTTP",
      "count": 723
    },
    {
      "actual": "DDoS_HTTP",
      "predicted": "Password",
      "count": 655
    },
    {
      "actual": "SQL_injection",
      "predicted": "Uploading",
      "count": 561
    },
    {
      "actual": "Uploading",
      "predicted": "SQL_injection",
      "count": 551
    },
    {
      "actual": "Password",
      "predicted": "XSS",
      "count": 529
    },
    {
      "actual": "Password",
      "predicted": "Backdoor",
      "count": 529
    },
    {
      "actual": "DDoS_HTTP",
      "predicted": "SQL_injection",
      "count": 484
    }
  ],
  "problematic_confusions": [
    {
      "actual": "SQL_injection",
      "predicted": "DDoS_ICMP",
      "count": 3984,
      "rate": 0.7305
    },
    {
      "actual": "XSS",
      "predicted": "Password",
      "count": 3714,
      "rate": 0.681
    },
    {
      "actual": "Port_Scanning",
      "predicted": "DDoS_UDP",
      "count": 3328,
      "rate": 0.6102
    },
    {
      "actual": "Uploading",
      "predicted": "DDoS_ICMP",
      "count": 2724,
      "rate": 0.4994
    },
    {
      "actual": "DDoS_UDP",
      "predicted": "Port_Scanning",
      "count": 1276,
      "rate": 0.234
    },
    {
      "actual": "DDoS_ICMP",
      "predicted": "Uploading",
      "count": 727,
      "rate": 0.1333
    },
    {
      "actual": "XSS",
      "predicted": "DDoS_HTTP",
      "count": 723,
      "rate": 0.1326
    },
    {
      "actual": "DDoS_HTTP",
      "predicted": "Password",
      "count": 655,
      "rate": 0.1201
    },
    {
      "actual": "SQL_injection",
      "predicted": "Uploading",
      "count": 561,
      "rate": 0.1029
    },
    {
      "actual": "Uploading",
      "predicted": "SQL_injection",
      "count": 551,
      "rate": 0.101
    }
  ],
  "confusion_matrix": {
    "labels": [
      "Normal",
      "DDoS_UDP",
      "DDoS_ICMP",
      "DDoS_TCP",
      "DDoS_HTTP",
      "Password",
      "Vulnerability_scanner",
      "SQL_injection",
      "Uploading",
      "Backdoor",
      "Port_Scanning",
      "XSS",
      "Ransomware",
      "MITM",
      "OS_Fingerprinting"
    ],