{
  "round": 29,
  "num_samples": 120000,
  "accuracy": 0.8204583333333333,
  "loss": 0.0056255730837583545,
  "class_distribution": {
    "Normal": 60006,
    "DDoS_UDP": 5454,
    "DDoS_ICMP": 5454,
    "DDoS_TCP": 5454,
    "DDoS_HTTP": 5454,
    "Password": 5454,
    "Vulnerability_scanner": 5454,
    "SQL_injection": 5454,
    "Uploading": 5454,
    "Backdoor": 5454,
    "Port_Scanning": 5454,
    "XSS": 5454,
    "Ransomware": 0,
    "MITM": 0,
    "OS_Fingerprinting": 0
  },
  "inactive_classes": [
    "Ransomware",
    "MITM",
    "OS_Fingerprinting"
  ],
  "summary_metrics": {
    "accuracy": 0.8204583333333333,
    "macro_avg": {
      "precision": 0.5501225164787453,
      "recall": 0.5372015090386817,
      "f1": 0.5192012675265585,
      "support": 120000
    },
    "weighted_avg": {
      "precision": 0.8296460256093846,
      "recall": 0.8204583333333333,
      "f1": 0.8083759874686198,
      "support": 120000
    }
  },
  "per_class_metrics": {
    "Normal": {
      "precision": 1.0,
      "recall": 0.9991667499916675,
      "f1": 0.9995832013470932,
      "support": 60006
    },
    "DDoS_UDP": {
      "precision": 0.5037028849342323,
      "recall": 0.8355335533553355,
      "f1": 0.6285083787325012,
      "support": 5454
    },
    "DDoS_ICMP": {
      "precision": 0.39138224491624113,
      "recall": 0.8010634396773011,
      "f1": 0.5258470241319131,
      "support": 5454
    },
    "DDoS_TCP": {
      "precision": 0.9342127805379475,
      "recall": 0.9998166483314999,
      "f1": 0.9659020458772474,
      "support": 5454
    },
    "DDoS_HTTP": {
      "precision": 0.818902318208837,
      "recall": 0.7577924459112578,
      "f1": 0.7871631273212075,
      "support": 5454
    },
    "Password": {
      "precision": 0.6605092361457813,
      "recall": 0.24257425742574257,
      "f1": 0.35483438380045595,
      "support": 5454
    },
    "Vulnerability_scanner": {
      "precision": 1.0,
      "recall": 0.9908324165749909,
      "f1": 0.9953951003868116,
      "support": 5454
    },
    "SQL_injection": {
      "precision": 0.3577386468952734,
      "recall": 0.14154748808214154,
      "f1": 0.20283762480294273,
      "support": 5454
    },
    "Uploading": {
      "precision": 0.6288600288600289,
      "recall": 0.39952328566189954,
      "f1": 0.48861980042605674,
      "support": 5454
    },
    "Backdoor": {
      "precision": 0.9011821204285186,
      "recall": 0.8945727906123946,
      "f1": 0.8978652926021347,
      "support": 5454
    },
    "Port_Scanning": {
      "precision": 0.5475792988313857,
      "recall": 0.24055738907224056,
      "f1": 0.3342675159235669,
      "support": 5454
    },
    "XSS": {
      "precision": 0.5077681874229346,
      "recall": 0.755042170883755,
      "f1": 0.6071955175464465,
      "support": 5454
    },
    "Ransomware": {
      "precision": 0.0,
      "recall": 0.0,
      "f1": 0.0,
      "support": 0
    },
    "MITM": {
      "precision": 0.0,
      "recall": 0.0,
      "f1": 0.0,
      "support": 0
    },
    "OS_Fingerprinting": {
      "precision": 0.0,
      "recall": 0.0,
      "f1": 0.0,
      "support": 0
    }
  },
  "top_attack_types": [
    {
      "attack": "SQL_injection",
      "count": 5454
    },
    {
      "attack": "Vulnerability_scanner",
      "count": 5454
    },
    {
      "attack": "Password",
      "count": 5454
    },
    {
      "attack": "Uploading",
      "count": 5454
    },
    {
      "attack": "DDoS_HTTP",
      "count": 5454
    },
    {
      "attack": "DDoS_TCP",
      "count": 5454
    },
    {
      "attack": "DDoS_UDP",
      "count": 5454
    },
    {
      "attack": "DDoS_ICMP",
      "count": 5454
    },
    {
      "attack": "XSS",
      "count": 5454
    },
    {
      "attack": "Port_Scanning",
      "count": 5454
    },
    {
      "attack": "Backdoor",
      "count": 5454
    }
  ],
  "top_confusions": [
    {
      "actual": "SQL_injection",
      "predicted": "DDoS_ICMP",
      "count": 3984
    },
    {
      "actual": "Port_Scanning",
      "predicted": "DDoS_UDP",
      "count": 3955
    },
    {
      "actual": "Password",
      "predicted": "XSS",
      "count": 3299
    },
    {
      "actual": "Uploading",
      "predicted": "DDoS_ICMP",
      "count": 2724
    },
    {
      "actual": "DDoS_UDP",
      "predicted": "Port_Scanning",
      "count": 897
    },
    {
      "actual": "XSS",
      "predicted": "DDoS_HTTP",
      "count": 723
    },
    {
      "actual": "DDoS_ICMP",
      "predicted": "Uploading",
      "count": 711
    },
    {
      "actual": "DDoS_HTTP",
      "predicted": "XSS",
      "count": 693
    },
    {
      "actual": "XSS",
      "predicted": "Password",
      "count": 613
    },
    {
      "actual": "SQL_injection",
      "predicted": "Uploading",
      "count": 561
    },
    {
      "actual": "Uploading",
      "predicted": "SQL_injection",
      "count": 551
    },
    {
      "actual": "Password",
      "predicted": "Backdoor",
      "count": 535
    },
    {
      "actual": "DDoS_HTTP",
      "predicted": "SQL_injection",
      "count": 461
    }
  ],
  "problematic_confusions": [
    {
      "actual": "SQL_injection",
      "predicted": "DDoS_ICMP",
      "count": 3984,
      "rate": 0.7305
    },
    {
      "actual": "Port_Scanning",
      "predicted": "DDoS_UDP",
      "count": 3955,
      "rate": 0.7252
    },
    {
      "actual": "Password",
      "predicted": "XSS",
      "count": 3299,
      "rate": 0.6049
    },
    {
      "actual": "Uploading",
      "predicted": "DDoS_ICMP",
      "count": 2724,
      "rate": 0.4994
    },
    {
      "actual": "DDoS_UDP",
      "predicted": "Port_Scanning",
      "count": 897,
      "rate": 0.1645
    },
    {
      "actual": "XSS",
      "predicted": "DDoS_HTTP",
      "count": 723,
      "rate": 0.1326
    },
    {
      "actual": "DDoS_ICMP",
      "predicted": "Uploading",
      "count": 711,
      "rate": 0.1304
    },
    {
      "actual": "DDoS_HTTP",
      "predicted": "XSS",
      "count": 693,
      "rate": 0.1271
    },
    {
      "actual": "XSS",
      "predicted": "Password",
      "count": 613,
      "rate": 0.1124
    },
    {
      "actual": "SQL_injection",
      "predicted": "Uploading",
      "count": 561,
      "rate": 0.1029
    },
    {
      "actual": "Uploading",
      "predicted": "SQL_injection",
      "count": 551,
      "rate": 0.101
    }
  ],
  "confusion_matrix": {
    "labels": [
      "Normal",
      "DDoS_UDP",
      "DDoS_ICMP",
      "DDoS_TCP",
      "DDoS_HTTP",
      "Password",
      "Vulnerability_scanner",
      "SQL_injection",
      "Uploading",
      "Backdoor",
      "Port_Scanning",
      "XSS",
      "Ransomware",
      "MITM",
      "OS_Fingerprinting"
    ],