{
  "round": 35,
  "num_samples": 120000,
  "accuracy": 0.8236166666666667,
  "loss": 0.00552842685158054,
  "class_distribution": {
    "Normal": 60006,
    "DDoS_UDP": 5454,
    "DDoS_ICMP": 5454,
    "DDoS_TCP": 5454,
    "DDoS_HTTP": 5454,
    "Password": 5454,
    "Vulnerability_scanner": 5454,
    "SQL_injection": 5454,
    "Uploading": 5454,
    "Backdoor": 5454,
    "Port_Scanning": 5454,
    "XSS": 5454,
    "Ransomware": 0,
    "MITM": 0,
    "OS_Fingerprinting": 0
  },
  "inactive_classes": [
    "Ransomware",
    "MITM",
    "OS_Fingerprinting"
  ],
  "summary_metrics": {
    "accuracy": 0.8236166666666667,
    "macro_avg": {
      "precision": 0.5611093497389672,
      "recall": 0.541834194529453,
      "f1": 0.5294244888856621,
      "support": 120000
    },
    "weighted_avg": {
      "precision": 0.8371362991845409,
      "recall": 0.8236166666666667,
      "f1": 0.8153456686301885,
      "support": 120000
    }
  },
  "per_class_metrics": {
    "Normal": {
      "precision": 1.0,
      "recall": 0.9991667499916675,
      "f1": 0.9995832013470932,
      "support": 60006
    },
    "DDoS_UDP": {
      "precision": 0.5503506682545984,
      "recall": 0.7625595892922625,
      "f1": 0.6393052032895242,
      "support": 5454
    },
    "DDoS_ICMP": {
      "precision": 0.5106167846309403,
      "recall": 0.18518518518518517,
      "f1": 0.27179763186221745,
      "support": 5454
    },
    "DDoS_TCP": {
      "precision": 0.9228295819935691,
      "recall": 0.9998166483314999,
      "f1": 0.9597817477778756,
      "support": 5454
    },
    "DDoS_HTTP": {
      "precision": 0.840147179067866,
      "recall": 0.7535753575357536,
      "f1": 0.7945099555383723,
      "support": 5454
    },
    "Password": {
      "precision": 0.6605092361457813,
      "recall": 0.24257425742574257,
      "f1": 0.35483438380045595,
      "support": 5454
    },
    "Vulnerability_scanner": {
      "precision": 1.0,
      "recall": 0.9781811514484782,
      "f1": 0.9889702474742793,
      "support": 5454
    },
    "SQL_injection": {
      "precision": 0.37335997914675473,
      "recall": 0.7878621195452878,
      "f1": 0.5066320815893415,
      "support": 5454
    },
    "Uploading": {
      "precision": 0.6310454677092383,
      "recall": 0.39952328566189954,
      "f1": 0.4892780958796452,
      "support": 5454
    },
    "Backdoor": {
      "precision": 0.9016817593790427,
      "recall": 0.8945727906123946,
      "f1": 0.8981132075471698,
      "support": 5454
    },
    "Port_Scanning": {
      "precision": 0.5182707153885744,
      "recall": 0.3692702603593693,
      "f1": 0.4312633832976445,
      "support": 5454
    },
    "XSS": {
      "precision": 0.5078288743681421,
      "recall": 0.7552255225522553,
      "f1": 0.6072981938813122,
      "support": 5454
    },
    "Ransomware": {
      "precision": 0.0,
      "recall": 0.0,
      "f1": 0.0,
      "support": 0
    },
    "MITM": {
      "precision": 0.0,
      "recall": 0.0,
      "f1": 0.0,
      "support": 0
    },
    "OS_Fingerprinting": {
      "precision": 0.0,
      "recall": 0.0,
      "f1": 0.0,
      "support": 0
    }
  },
  "top_attack_types": [
    {
      "attack": "SQL_injection",
      "count": 5454
    },
    {
      "attack": "Vulnerability_scanner",
      "count": 5454
    },
    {
      "attack": "Password",
      "count": 5454
    },
    {
      "attack": "Uploading",
      "count": 5454
    },
    {
      "attack": "DDoS_HTTP",
      "count": 5454
    },
    {
      "attack": "DDoS_TCP",
      "count": 5454
    },
    {
      "attack": "DDoS_UDP",
      "count": 5454
    },
    {
      "attack": "DDoS_ICMP",
      "count": 5454
    },
    {
      "attack": "XSS",
      "count": 5454
    },
    {
      "attack": "Port_Scanning",
      "count": 5454
    },
    {
      "attack": "Backdoor",
      "count": 5454
    }
  ],
  "top_confusions": [
    {
      "actual": "DDoS_ICMP",
      "predicted": "SQL_injection",
      "count": 3745
    },
    {
      "actual": "Password",
      "predicted": "XSS",
      "count": 3299
    },
    {
      "actual": "Port_Scanning",
      "predicted": "DDoS_UDP",
      "count": 3253
    },
    {
      "actual": "Uploading",
      "predicted": "SQL_injection",
      "count": 2904
    },
    {
      "actual": "DDoS_UDP",
      "predicted": "Port_Scanning",
      "count": 1295
    },
    {
      "actual": "XSS",
      "predicted": "DDoS_HTTP",
      "count": 722
    },
    {
      "actual": "DDoS_ICMP",
      "predicted": "Uploading",
      "count": 699
    },
    {
      "actual": "DDoS_HTTP",
      "predicted": "XSS",
      "count": 693
    },
    {
      "actual": "XSS",
      "predicted": "Password",
      "count": 613
    },
    {
      "actual": "SQL_injection",
      "predicted": "DDoS_ICMP",
      "count": 590
    },
    {
      "actual": "DDoS_HTTP",
      "predicted": "SQL_injection",
      "count": 563
    },
    {
      "actual": "SQL_injection",
      "predicted": "Uploading",
      "count": 561
    },
    {
      "actual": "Password",
      "predicted": "Backdoor",
      "count": 532
    }
  ],
  "problematic_confusions": [
    {
      "actual": "DDoS_ICMP",
      "predicted": "SQL_injection",
      "count": 3745,
      "rate": 0.6867
    },
    {
      "actual": "Password",
      "predicted": "XSS",
      "count": 3299,
      "rate": 0.6049
    },
    {
      "actual": "Port_Scanning",
      "predicted": "DDoS_UDP",
      "count": 3253,
      "rate": 0.5964
    },
    {
      "actual": "Uploading",
      "predicted": "SQL_injection",
      "count": 2904,
      "rate": 0.5325
    },
    {
      "actual": "DDoS_UDP",
      "predicted": "Port_Scanning",
      "count": 1295,
      "rate": 0.2374
    },
    {
      "actual": "XSS",
      "predicted": "DDoS_HTTP",
      "count": 722,
      "rate": 0.1324
    },
    {
      "actual": "DDoS_ICMP",
      "predicted": "Uploading",
      "count": 699,
      "rate": 0.1282
    },
    {
      "actual": "DDoS_HTTP",
      "predicted": "XSS",
      "count": 693,
      "rate": 0.1271
    },
    {
      "actual": "XSS",
      "predicted": "Password",
      "count": 613,
      "rate": 0.1124
    },
    {
      "actual": "SQL_injection",
      "predicted": "DDoS_ICMP",
      "count": 590,
      "rate": 0.1082
    },
    {
      "actual": "DDoS_HTTP",
      "predicted": "SQL_injection",
      "count": 563,
      "rate": 0.1032
    },
    {
      "actual": "SQL_injection",
      "predicted": "Uploading",
      "count": 561,
      "rate": 0.1029
    }
  ],
  "confusion_matrix": {
    "labels": [
      "Normal",
      "DDoS_UDP",
      "DDoS_ICMP",
      "DDoS_TCP",
      "DDoS_HTTP",
      "Password",
      "Vulnerability_scanner",
      "SQL_injection",
      "Uploading",
      "Backdoor",
      "Port_Scanning",
      "XSS",
      "Ransomware",
      "MITM",
      "OS_Fingerprinting"
    ],