{
  "round": 38,
  "num_samples": 120000,
  "accuracy": 0.8215083333333333,
  "loss": 0.005529855527107914,
  "class_distribution": {
    "Normal": 60006,
    "DDoS_UDP": 5454,
    "DDoS_ICMP": 5454,
    "DDoS_TCP": 5454,
    "DDoS_HTTP": 5454,
    "Password": 5454,
    "Vulnerability_scanner": 5454,
    "SQL_injection": 5454,
    "Uploading": 5454,
    "Backdoor": 5454,
    "Port_Scanning": 5454,
    "XSS": 5454,
    "Ransomware": 0,
    "MITM": 0,
    "OS_Fingerprinting": 0
  },
  "inactive_classes": [
    "Ransomware",
    "MITM",
    "OS_Fingerprinting"
  ],
  "summary_metrics": {
    "accuracy": 0.8215083333333333,
    "macro_avg": {
      "precision": 0.5569663030892423,
      "recall": 0.5387416630540832,
      "f1": 0.5272287061181646,
      "support": 120000
    },
    "weighted_avg": {
      "precision": 0.834311777131091,
      "recall": 0.8215083333333333,
      "f1": 0.8138486937284475,
      "support": 120000
    }
  },
  "per_class_metrics": {
    "Normal": {
      "precision": 1.0,
      "recall": 0.9991667499916675,
      "f1": 0.9995832013470932,
      "support": 60006
    },
    "DDoS_UDP": {
      "precision": 0.506876689784883,
      "recall": 0.7906123945727906,
      "f1": 0.6177207936394241,
      "support": 5454
    },
    "DDoS_ICMP": {
      "precision": 0.46827057182705717,
      "recall": 0.24624129079574625,
      "f1": 0.3227589521749579,
      "support": 5454
    },
    "DDoS_TCP": {
      "precision": 0.9247074783788367,
      "recall": 0.9998166483314999,
      "f1": 0.9607964056030306,
      "support": 5454
    },
    "DDoS_HTTP": {
      "precision": 0.8411788784281621,
      "recall": 0.7535753575357536,
      "f1": 0.7949709864603481,
      "support": 5454
    },
    "Password": {
      "precision": 0.6605092361457813,
      "recall": 0.24257425742574257,
      "f1": 0.35483438380045595,
      "support": 5454
    },
    "Vulnerability_scanner": {
      "precision": 0.999252895031752,
      "recall": 0.980931426475981,
      "f1": 0.9900074019245003,
      "support": 5454
    },
    "SQL_injection": {
      "precision": 0.37383177570093457,
      "recall": 0.7260726072607261,
      "f1": 0.49355019629837354,
      "support": 5454
    },
    "Uploading": {
      "precision": 0.6252510760401722,
      "recall": 0.39952328566189954,
      "f1": 0.487526568967446,
      "support": 5454
    },
    "Backdoor": {
      "precision": 0.9028497409326425,
      "recall": 0.8945727906123946,
      "f1": 0.8986922085098545,
      "support": 5454
    },
    "Port_Scanning": {
      "precision": 0.5439373297002725,
      "recall": 0.2928126145947928,
      "f1": 0.3806912991656734,
      "support": 5454
    },
    "XSS": {
      "precision": 0.5078288743681421,
      "recall": 0.7552255225522553,
      "f1": 0.6072981938813122,
      "support": 5454
    },
    "Ransomware": {
      "precision": 0.0,
      "recall": 0.0,
      "f1": 0.0,
      "support": 0
    },
    "MITM": {
      "precision": 0.0,
      "recall": 0.0,
      "f1": 0.0,
      "support": 0
    },
    "OS_Fingerprinting": {
      "precision": 0.0,
      "recall": 0.0,
      "f1": 0.0,
      "support": 0
    }
  },
  "top_attack_types": [
    {
      "attack": "SQL_injection",
      "count": 5454
    },
    {
      "attack": "Vulnerability_scanner",
      "count": 5454
    },
    {
      "attack": "Password",
      "count": 5454
    },
    {
      "attack": "Uploading",
      "count": 5454
    },
    {
      "attack": "DDoS_HTTP",
      "count": 5454
    },
    {
      "attack": "DDoS_TCP",
      "count": 5454
    },
    {
      "attack": "DDoS_UDP",
      "count": 5454
    },
    {
      "attack": "DDoS_ICMP",
      "count": 5454
    },
    {
      "attack": "XSS",
      "count": 5454
    },
    {
      "attack": "Port_Scanning",
      "count": 5454
    },
    {
      "attack": "Backdoor",
      "count": 5454
    }
  ],
  "top_confusions": [
    {
      "actual": "Port_Scanning",
      "predicted": "DDoS_UDP",
      "count": 3670
    },
    {
      "actual": "DDoS_ICMP",
      "predicted": "SQL_injection",
      "count": 3380
    },
    {
      "actual": "Password",
      "predicted": "XSS",
      "count": 3299
    },
    {
      "actual": "Uploading",
      "predicted": "SQL_injection",
      "count": 2697
    },
    {
      "actual": "DDoS_UDP",
      "predicted": "Port_Scanning",
      "count": 1142
    },
    {
      "actual": "SQL_injection",
      "predicted": "DDoS_ICMP",
      "count": 933
    },
    {
      "actual": "DDoS_ICMP",
      "predicted": "Uploading",
      "count": 731
    },
    {
      "actual": "XSS",
      "predicted": "DDoS_HTTP",
      "count": 722
    },
    {
      "actual": "DDoS_HTTP",
      "predicted": "XSS",
      "count": 693
    },
    {
      "actual": "XSS",
      "predicted": "Password",
      "count": 613
    },
    {
      "actual": "Uploading",
      "predicted": "DDoS_ICMP",
      "count": 578
    },
    {
      "actual": "SQL_injection",
      "predicted": "Uploading",
      "count": 561
    },
    {
      "actual": "DDoS_HTTP",
      "predicted": "SQL_injection",
      "count": 556
    }
  ],
  "problematic_confusions": [
    {
      "actual": "Port_Scanning",
      "predicted": "DDoS_UDP",
      "count": 3670,
      "rate": 0.6729
    },
    {
      "actual": "DDoS_ICMP",
      "predicted": "SQL_injection",
      "count": 3380,
      "rate": 0.6197
    },
    {
      "actual": "Password",
      "predicted": "XSS",
      "count": 3299,
      "rate": 0.6049
    },
    {
      "actual": "Uploading",
      "predicted": "SQL_injection",
      "count": 2697,
      "rate": 0.4945
    },
    {
      "actual": "DDoS_UDP",
      "predicted": "Port_Scanning",
      "count": 1142,
      "rate": 0.2094
    },
    {
      "actual": "SQL_injection",
      "predicted": "DDoS_ICMP",
      "count": 933,
      "rate": 0.1711
    },
    {
      "actual": "DDoS_ICMP",
      "predicted": "Uploading",
      "count": 731,
      "rate": 0.134
    },
    {
      "actual": "XSS",
      "predicted": "DDoS_HTTP",
      "count": 722,
      "rate": 0.1324
    },
    {
      "actual": "DDoS_HTTP",
      "predicted": "XSS",
      "count": 693,
      "rate": 0.1271
    },
    {
      "actual": "XSS",
      "predicted": "Password",
      "count": 613,
      "rate": 0.1124
    },
    {
      "actual": "Uploading",
      "predicted": "DDoS_ICMP",
      "count": 578,
      "rate": 0.106
    },
    {
      "actual": "SQL_injection",
      "predicted": "Uploading",
      "count": 561,
      "rate": 0.1029
    },
    {
      "actual": "DDoS_HTTP",
      "predicted": "SQL_injection",
      "count": 556,
      "rate": 0.1019
    }
  ],
  "confusion_matrix": {
    "labels": [
      "Normal",
      "DDoS_UDP",
      "DDoS_ICMP",
      "DDoS_TCP",
      "DDoS_HTTP",
      "Password",
      "Vulnerability_scanner",
      "SQL_injection",
      "Uploading",
      "Backdoor",
      "Port_Scanning",
      "XSS",
      "Ransomware",
      "MITM",
      "OS_Fingerprinting"
    ],