{
  "round": 28,
  "num_samples": 120000,
  "accuracy": 0.8233833333333334,
  "loss": 0.005649538787702719,
  "class_distribution": {
    "Normal": 60006,
    "DDoS_UDP": 5454,
    "DDoS_ICMP": 5454,
    "DDoS_TCP": 5454,
    "DDoS_HTTP": 5454,
    "Password": 5454,
    "Vulnerability_scanner": 5454,
    "SQL_injection": 5454,
    "Uploading": 5454,
    "Backdoor": 5454,
    "Port_Scanning": 5454,
    "XSS": 5454,
    "Ransomware": 0,
    "MITM": 0,
    "OS_Fingerprinting": 0
  },
  "inactive_classes": [
    "Ransomware",
    "MITM",
    "OS_Fingerprinting"
  ],
  "summary_metrics": {
    "accuracy": 0.8233833333333334,
    "macro_avg": {
      "precision": 0.555393056315575,
      "recall": 0.541491938081586,
      "f1": 0.5347424613963733,
      "support": 120000
    },
    "weighted_avg": {
      "precision": 0.8332392161431432,
      "recall": 0.8233833333333334,
      "f1": 0.8189711963893661,
      "support": 120000
    }
  },
  "per_class_metrics": {
    "Normal": {
      "precision": 1.0,
      "recall": 0.9991667499916675,
      "f1": 0.9995832013470932,
      "support": 60006
    },
    "DDoS_UDP": {
      "precision": 0.5634358834739994,
      "recall": 0.7588925559222589,
      "f1": 0.64671875,
      "support": 5454
    },
    "DDoS_ICMP": {
      "precision": 0.4191985909291061,
      "recall": 0.3491015768243491,
      "f1": 0.38095238095238093,
      "support": 5454
    },
    "DDoS_TCP": {
      "precision": 0.9236111111111112,
      "recall": 0.9998166483314999,
      "f1": 0.9602042613136116,
      "support": 5454
    },
    "DDoS_HTTP": {
      "precision": 0.8213646309926398,
      "recall": 0.757059039237257,
      "f1": 0.7879019177559393,
      "support": 5454
    },
    "Password": {
      "precision": 0.6605092361457813,
      "recall": 0.24257425742574257,
      "f1": 0.35483438380045595,
      "support": 5454
    },
    "Vulnerability_scanner": {
      "precision": 1.0,
      "recall": 0.978914558122479,
      "f1": 0.9893449457982025,
      "support": 5454
    },
    "SQL_injection": {
      "precision": 0.36162528216704287,
      "recall": 0.5874587458745875,
      "f1": 0.447673606259606,
      "support": 5454
    },
    "Uploading": {
      "precision": 0.6338524831031442,
      "recall": 0.39548954895489546,
      "f1": 0.48707237213503446,
      "support": 5454
    },
    "Backdoor": {
      "precision": 0.9015151515151515,
      "recall": 0.8945727906123946,
      "f1": 0.8980305540217192,
      "support": 5454
    },
    "Port_Scanning": {
      "precision": 0.5379546009275079,
      "recall": 0.4041070773744041,
      "f1": 0.4615223536802429,
      "support": 5454
    },
    "XSS": {
      "precision": 0.5078288743681421,
      "recall": 0.7552255225522553,
      "f1": 0.6072981938813122,
      "support": 5454
    },
    "Ransomware": {
      "precision": 0.0,
      "recall": 0.0,
      "f1": 0.0,
      "support": 0
    },
    "MITM": {
      "precision": 0.0,
      "recall": 0.0,
      "f1": 0.0,
      "support": 0
    },
    "OS_Fingerprinting": {
      "precision": 0.0,
      "recall": 0.0,
      "f1": 0.0,
      "support": 0
    }
  },
  "top_attack_types": [
    {
      "attack": "SQL_injection",
      "count": 5454
    },
    {
      "attack": "Vulnerability_scanner",
      "count": 5454
    },
    {
      "attack": "Password",
      "count": 5454
    },
    {
      "attack": "Uploading",
      "count": 5454
    },
    {
      "attack": "DDoS_HTTP",
      "count": 5454
    },
    {
      "attack": "DDoS_TCP",
      "count": 5454
    },
    {
      "attack": "DDoS_UDP",
      "count": 5454
    },
    {
      "attack": "DDoS_ICMP",
      "count": 5454
    },
    {
      "attack": "XSS",
      "count": 5454
    },
    {
      "attack": "Port_Scanning",
      "count": 5454
    },
    {
      "attack": "Backdoor",
      "count": 5454
    }
  ],
  "top_confusions": [
    {
      "actual": "Password",
      "predicted": "XSS",
      "count": 3299
    },
    {
      "actual": "Port_Scanning",
      "predicted": "DDoS_UDP",
      "count": 3063
    },
    {
      "actual": "DDoS_ICMP",
      "predicted": "SQL_injection",
      "count": 2879
    },
    {
      "actual": "Uploading",
      "predicted": "SQL_injection",
      "count": 2266
    },
    {
      "actual": "SQL_injection",
      "predicted": "DDoS_ICMP",
      "count": 1567
    },
    {
      "actual": "DDoS_UDP",
      "predicted": "Port_Scanning",
      "count": 1315
    },
    {
      "actual": "Uploading",
      "predicted": "DDoS_ICMP",
      "count": 1031
    },
    {
      "actual": "XSS",
      "predicted": "DDoS_HTTP",
      "count": 722
    },
    {
      "actual": "DDoS_HTTP",
      "predicted": "XSS",
      "count": 693
    },
    {
      "actual": "DDoS_ICMP",
      "predicted": "Uploading",
      "count": 671
    },
    {
      "actual": "XSS",
      "predicted": "Password",
      "count": 613
    },
    {
      "actual": "SQL_injection",
      "predicted": "Uploading",
      "count": 561
    },
    {
      "actual": "Password",
      "predicted": "Backdoor",
      "count": 533
    }
  ],
  "problematic_confusions": [
    {
      "actual": "Password",
      "predicted": "XSS",
      "count": 3299,
      "rate": 0.6049
    },
    {
      "actual": "Port_Scanning",
      "predicted": "DDoS_UDP",
      "count": 3063,
      "rate": 0.5616
    },
    {
      "actual": "DDoS_ICMP",
      "predicted": "SQL_injection",
      "count": 2879,
      "rate": 0.5279
    },
    {
      "actual": "Uploading",
      "predicted": "SQL_injection",
      "count": 2266,
      "rate": 0.4155
    },
    {
      "actual": "SQL_injection",
      "predicted": "DDoS_ICMP",
      "count": 1567,
      "rate": 0.2873
    },
    {
      "actual": "DDoS_UDP",
      "predicted": "Port_Scanning",
      "count": 1315,
      "rate": 0.2411
    },
    {
      "actual": "Uploading",
      "predicted": "DDoS_ICMP",
      "count": 1031,
      "rate": 0.189
    },
    {
      "actual": "XSS",
      "predicted": "DDoS_HTTP",
      "count": 722,
      "rate": 0.1324
    },
    {
      "actual": "DDoS_HTTP",
      "predicted": "XSS",
      "count": 693,
      "rate": 0.1271
    },
    {
      "actual": "DDoS_ICMP",
      "predicted": "Uploading",
      "count": 671,
      "rate": 0.123
    },
    {
      "actual": "XSS",
      "predicted": "Password",
      "count": 613,
      "rate": 0.1124
    },
    {
      "actual": "SQL_injection",
      "predicted": "Uploading",
      "count": 561,
      "rate": 0.1029
    }
  ],
  "confusion_matrix": {
    "labels": [
      "Normal",
      "DDoS_UDP",
      "DDoS_ICMP",
      "DDoS_TCP",
      "DDoS_HTTP",
      "Password",
      "Vulnerability_scanner",
      "SQL_injection",
      "Uploading",
      "Backdoor",
      "Port_Scanning",
      "XSS",
      "Ransomware",
      "MITM",
      "OS_Fingerprinting"
    ],