{
  "round": 17,
  "num_samples": 120000,
  "accuracy": 0.8161416666666667,
  "loss": 0.006248781944066286,
  "class_distribution": {
    "Normal": 60006,
    "DDoS_UDP": 5454,
    "DDoS_ICMP": 5454,
    "DDoS_TCP": 5454,
    "DDoS_HTTP": 5454,
    "Password": 5454,
    "Vulnerability_scanner": 5454,
    "SQL_injection": 5454,
    "Uploading": 5454,
    "Backdoor": 5454,
    "Port_Scanning": 5454,
    "XSS": 5454,
    "Ransomware": 0,
    "MITM": 0,
    "OS_Fingerprinting": 0
  },
  "inactive_classes": [
    "Ransomware",
    "MITM",
    "OS_Fingerprinting"
  ],
  "summary_metrics": {
    "accuracy": 0.8161416666666667,
    "macro_avg": {
      "precision": 0.5803638906030553,
      "recall": 0.5308919896422533,
      "f1": 0.509469294783692,
      "support": 120000
    },
    "weighted_avg": {
      "precision": 0.8502630824186329,
      "recall": 0.8161416666666667,
      "f1": 0.8017336326991089,
      "support": 120000
    }
  },
  "per_class_metrics": {
    "Normal": {
      "precision": 1.0,
      "recall": 0.9991334199913342,
      "f1": 0.9995665221740581,
      "support": 60006
    },
    "DDoS_UDP": {
      "precision": 0.5325054784514244,
      "recall": 0.801980198019802,
      "f1": 0.6400351185250219,
      "support": 5454
    },
    "DDoS_ICMP": {
      "precision": 0.9434447300771208,
      "recall": 0.06729006233956729,
      "f1": 0.1256204004792059,
      "support": 5454
    },
    "DDoS_TCP": {
      "precision": 0.8998349834983498,
      "recall": 0.9998166483314999,
      "f1": 0.9471947194719472,
      "support": 5454
    },
    "DDoS_HTTP": {
      "precision": 0.774802860810563,
      "recall": 0.7746607994132747,
      "f1": 0.7747318235995232,
      "support": 5454
    },
    "Password": {
      "precision": 0.6638233818364275,
      "recall": 0.24257425742574257,
      "f1": 0.3553108634349402,
      "support": 5454
    },
    "Vulnerability_scanner": {
      "precision": 1.0,
      "recall": 0.9501283461679502,
      "f1": 0.9744264761188417,
      "support": 5454
    },
    "SQL_injection": {
      "precision": 0.35261093593786047,
      "recall": 0.8406674000733406,
      "f1": 0.4968304708240776,
      "support": 5454
    },
    "Uploading": {
      "precision": 0.6484848484848484,
      "recall": 0.37275394206087276,
      "f1": 0.4733962044475492,
      "support": 5454
    },
    "Backdoor": {
      "precision": 0.9010156971375808,
      "recall": 0.8945727906123946,
      "f1": 0.8977826846996044,
      "support": 5454
    },
    "Port_Scanning": {
      "precision": 0.4896252709817281,
      "recall": 0.28987898789878985,
      "f1": 0.3641598525855119,
      "support": 5454
    },
    "XSS": {
      "precision": 0.499310171829926,
      "recall": 0.72992299229923,
      "f1": 0.5929842853950994,
      "support": 5454
    },
    "Ransomware": {
      "precision": 0.0,
      "recall": 0.0,
      "f1": 0.0,
      "support": 0
    },
    "MITM": {
      "precision": 0.0,
      "recall": 0.0,
      "f1": 0.0,
      "support": 0
    },
    "OS_Fingerprinting": {
      "precision": 0.0,
      "recall": 0.0,
      "f1": 0.0,
      "support": 0
    }
  },
  "top_attack_types": [
    {
      "attack": "SQL_injection",
      "count": 5454
    },
    {
      "attack": "Vulnerability_scanner",
      "count": 5454
    },
    {
      "attack": "Password",
      "count": 5454
    },
    {
      "attack": "Uploading",
      "count": 5454
    },
    {
      "attack": "DDoS_HTTP",
      "count": 5454
    },
    {
      "attack": "DDoS_TCP",
      "count": 5454
    },
    {
      "attack": "DDoS_UDP",
      "count": 5454
    },
    {
      "attack": "DDoS_ICMP",
      "count": 5454
    },
    {
      "attack": "XSS",
      "count": 5454
    },
    {
      "attack": "Port_Scanning",
      "count": 5454
    },
    {
      "attack": "Backdoor",
      "count": 5454
    }
  ],
  "top_confusions": [
    {
      "actual": "DDoS_ICMP",
      "predicted": "SQL_injection",
      "count": 4558
    },
    {
      "actual": "Port_Scanning",
      "predicted": "DDoS_UDP",
      "count": 3686
    },
    {
      "actual": "Uploading",
      "predicted": "SQL_injection",
      "count": 3403
    },
    {
      "actual": "Password",
      "predicted": "XSS",
      "count": 3299
    },
    {
      "actual": "DDoS_UDP",
      "predicted": "Port_Scanning",
      "count": 1080
    },
    {
      "actual": "XSS",
      "predicted": "DDoS_HTTP",
      "count": 870
    },
    {
      "actual": "DDoS_HTTP",
      "predicted": "XSS",
      "count": 693
    },
    {
      "actual": "XSS",
      "predicted": "Password",
      "count": 603
    },
    {
      "actual": "SQL_injection",
      "predicted": "Uploading",
      "count": 561
    },
    {
      "actual": "Password",
      "predicted": "Backdoor",
      "count": 534
    },
    {
      "actual": "DDoS_ICMP",
      "predicted": "Uploading",
      "count": 529
    },
    {
      "actual": "DDoS_HTTP",
      "predicted": "SQL_injection",
      "count": 457
    },
    {
      "actual": "Backdoor",
      "predicted": "Port_Scanning",
      "count": 301
    }
  ],
  "problematic_confusions": [
    {
      "actual": "DDoS_ICMP",
      "predicted": "SQL_injection",
      "count": 4558,
      "rate": 0.8357
    },
    {
      "actual": "Port_Scanning",
      "predicted": "DDoS_UDP",
      "count": 3686,
      "rate": 0.6758
    },
    {
      "actual": "Uploading",
      "predicted": "SQL_injection",
      "count": 3403,
      "rate": 0.6239
    },
    {
      "actual": "Password",
      "predicted": "XSS",
      "count": 3299,
      "rate": 0.6049
    },
    {
      "actual": "DDoS_UDP",
      "predicted": "Port_Scanning",
      "count": 1080,
      "rate": 0.198
    },
    {
      "actual": "XSS",
      "predicted": "DDoS_HTTP",
      "count": 870,
      "rate": 0.1595
    },
    {
      "actual": "DDoS_HTTP",
      "predicted": "XSS",
      "count": 693,
      "rate": 0.1271
    },
    {
      "actual": "XSS",
      "predicted": "Password",
      "count": 603,
      "rate": 0.1106
    },
    {
      "actual": "SQL_injection",
      "predicted": "Uploading",
      "count": 561,
      "rate": 0.1029
    }
  ],
  "confusion_matrix": {
    "labels": [
      "Normal",
      "DDoS_UDP",
      "DDoS_ICMP",
      "DDoS_TCP",
      "DDoS_HTTP",
      "Password",
      "Vulnerability_scanner",
      "SQL_injection",
      "Uploading",
      "Backdoor",
      "Port_Scanning",
      "XSS",
      "Ransomware",
      "MITM",
      "OS_Fingerprinting"
    ],