{
  "timestamp": "2026-02-23T20:14:20.409430",
  "system_resources": {
    "cpu_percent": {
      "min": 0.0,
      "max": 100.0,
      "avg": 17.882017852948085,
      "count": 8514
    },
    "ram_percent": {
      "min": 23.6,
      "max": 85.6,
      "avg": 69.99263565891474,
      "count": 8514
    },
    "ram_mb": {
      "min": 7579.2265625,
      "max": 27457.359375,
      "avg": 22463.083049334185,
      "count": 8514
    },
    "gpu_util": {
      "min": 0.0,
      "max": 7.0,
      "avg": 0.025957246887479444,
      "count": 8514
    },
    "gpu_mem_util": {
      "min": 0.0,
      "max": 1.0,
      "avg": 0.0004698144233027954,
      "count": 8514
    },
    "gpu_mem_mb": {
      "min": 224.0,
      "max": 480.4375,
      "avg": 465.44790198496594,
      "count": 8514
    },
    "gpu_power_w": {
      "min": 17.574,
      "max": 37.891,
      "avg": 35.83430162085976,
      "count": 8514
    }
  }
}