{
  "round": 31,
  "num_samples": 120000,
  "accuracy": 0.7964916666666667,
  "loss": 0.006875012765700618,
  "class_distribution": {
    "Normal": 60010,
    "DDoS_UDP": 4285,
    "DDoS_ICMP": 4285,
    "DDoS_TCP": 4285,
    "DDoS_HTTP": 4285,
    "Password": 4285,
    "Vulnerability_scanner": 4285,
    "SQL_injection": 4285,
    "Uploading": 4285,
    "Backdoor": 4285,
    "Port_Scanning": 4285,
    "XSS": 4285,
    "Ransomware": 4285,
    "MITM": 4285,
    "OS_Fingerprinting": 4285
  },
  "inactive_classes": [],
  "summary_metrics": {
    "accuracy": 0.7964916666666667,
    "macro_avg": {
      "precision": 0.6232441044004893,
      "recall": 0.6208057090964548,
      "f1": 0.6086675591686199,
      "support": 120000
    },
    "weighted_avg": {
      "precision": 0.798200123419512,
      "recall": 0.7964916666666667,
      "f1": 0.790191278537601,
      "support": 120000
    }
  },
  "per_class_metrics": {
    "Normal": {
      "precision": 1.0,
      "recall": 0.9991334777537078,
      "f1": 0.999566551080288,
      "support": 60010
    },
    "DDoS_UDP": {
      "precision": 0.5747162673392182,
      "recall": 0.42543757292882145,
      "f1": 0.48893656966608556,
      "support": 4285
    },
    "DDoS_ICMP": {
      "precision": 0.41460518503859095,
      "recall": 0.48891481913652274,
      "f1": 0.44870421931891197,
      "support": 4285
    },
    "DDoS_TCP": {
      "precision": 1.0,
      "recall": 0.8891481913652275,
      "f1": 0.9413218035824583,
      "support": 4285
    },
    "DDoS_HTTP": {
      "precision": 0.7699665231946438,
      "recall": 0.751458576429405,
      "f1": 0.7605999763788828,
      "support": 4285
    },
    "Password": {
      "precision": 0.5263636363636364,
      "recall": 0.40536756126021,
      "f1": 0.4580092287409361,
      "support": 4285
    },
    "Vulnerability_scanner": {
      "precision": 1.0,
      "recall": 0.9001166861143524,
      "f1": 0.9474330631294522,
      "support": 4285
    },
    "SQL_injection": {
      "precision": 0.40299205236091634,
      "recall": 0.20116686114352392,
      "f1": 0.2683686176836862,
      "support": 4285
    },
    "Uploading": {
      "precision": 0.4277534523408555,
      "recall": 0.5927654609101517,
      "f1": 0.4969187127066419,
      "support": 4285
    },
    "Backdoor": {
      "precision": 0.5286971830985916,
      "recall": 0.7008168028004668,
      "f1": 0.6027094831911691,
      "support": 4285
    },
    "Port_Scanning": {
      "precision": 0.41887347625052546,
      "recall": 0.46511085180863476,
      "f1": 0.4407829260201261,
      "support": 4285
    },
    "XSS": {
      "precision": 0.488698705288567,
      "recall": 0.5197199533255542,
      "f1": 0.5037321872879439,
      "support": 4285
    },
    "Ransomware": {
      "precision": 0.3243616287094548,
      "recall": 0.10968494749124855,
      "f1": 0.16393442622950818,
      "support": 4285
    },
    "MITM": {
      "precision": 0.47163345602233786,
      "recall": 0.8672112018669779,
      "f1": 0.6109832292009207,
      "support": 4285
    },
    "OS_Fingerprinting": {
      "precision": 1.0,
      "recall": 0.9960326721120186,
      "f1": 0.9980123933122881,
      "support": 4285
    }
  },
  "top_attack_types": [
    {
      "attack": "Ransomware",
      "count": 4285
    },
    {
      "attack": "XSS",
      "count": 4285
    },
    {
      "attack": "DDoS_TCP",
      "count": 4285
    },
    {
      "attack": "Uploading",
      "count": 4285
    },
    {
      "attack": "Backdoor",
      "count": 4285
    },
    {
      "attack": "Vulnerability_scanner",
      "count": 4285
    },
    {
      "attack": "DDoS_HTTP",
      "count": 4285
    },
    {
      "attack": "DDoS_UDP",
      "count": 4285
    },
    {
      "attack": "DDoS_ICMP",
      "count": 4285
    },
    {
      "attack": "OS_Fingerprinting",
      "count": 4285
    },
    {
      "attack": "Password",
      "count": 4285
    },
    {
      "attack": "Port_Scanning",
      "count": 4285
    },
    {
      "attack": "MITM",
      "count": 4285
    },
    {
      "attack": "SQL_injection",
      "count": 4285
    }
  ],
  "top_confusions": [
    {
      "actual": "Ransomware",
      "predicted": "Backdoor",
      "count": 2413
    },
    {
      "actual": "Password",
      "predicted": "XSS",
      "count": 1905
    },
    {
      "actual": "DDoS_UDP",
      "predicted": "Port_Scanning",
      "count": 1890
    },
    {
      "actual": "SQL_injection",
      "predicted": "Uploading",
      "count": 1771
    },
    {
      "actual": "SQL_injection",
      "predicted": "DDoS_ICMP",
      "count": 1652
    },
    {
      "actual": "Port_Scanning",
      "predicted": "DDoS_UDP",
      "count": 1349
    },
    {
      "actual": "XSS",
      "predicted": "Password",
      "count": 1337
    },
    {
      "actual": "DDoS_ICMP",
      "predicted": "Uploading",
      "count": 1262
    },
    {
      "actual": "Uploading",
      "predicted": "DDoS_ICMP",
      "count": 1261
    },
    {
      "actual": "Ransomware",
      "predicted": "MITM",
      "count": 1223
    },
    {
      "actual": "Port_Scanning",
      "predicted": "MITM",
      "count": 943
    },
    {
      "actual": "Backdoor",
      "predicted": "Ransomware",
      "count": 873
    }
  ],
  "problematic_confusions": [
    {
      "actual": "Ransomware",
      "predicted": "Backdoor",
      "count": 2413,
      "rate": 0.5631
    },
    {
      "actual": "Password",
      "predicted": "XSS",
      "count": 1905,
      "rate": 0.4446
    },
    {
      "actual": "DDoS_UDP",
      "predicted": "Port_Scanning",
      "count": 1890,
      "rate": 0.4411
    },
    {
      "actual": "SQL_injection",
      "predicted": "Uploading",
      "count": 1771,
      "rate": 0.4133
    },
    {
      "actual": "SQL_injection",
      "predicted": "DDoS_ICMP",
      "count": 1652,
      "rate": 0.3855
    },
    {
      "actual": "Port_Scanning",
      "predicted": "DDoS_UDP",
      "count": 1349,
      "rate": 0.3148
    },
    {
      "actual": "XSS",
      "predicted": "Password",
      "count": 1337,
      "rate": 0.312
    },
    {
      "actual": "DDoS_ICMP",
      "predicted": "Uploading",
      "count": 1262,
      "rate": 0.2945
    },
    {
      "actual": "Uploading",
      "predicted": "DDoS_ICMP",
      "count": 1261,
      "rate": 0.2943
    },
    {
      "actual": "Ransomware",
      "predicted": "MITM",
      "count": 1223,
      "rate": 0.2854
    },
    {
      "actual": "Port_Scanning",
      "predicted": "MITM",
      "count": 943,
      "rate": 0.2201
    },
    {
      "actual": "Backdoor",
      "predicted": "Ransomware",
      "count": 873,
      "rate": 0.2037
    },
    {
      "actual": "DDoS_ICMP",
      "predicted": "SQL_injection",
      "count": 731,
      "rate": 0.1706
    },
    {
      "actual": "XSS",
      "predicted": "DDoS_HTTP",
      "count": 721,
      "rate": 0.1683
    },
    {
      "actual": "DDoS_UDP",
      "predicted": "MITM",
      "count": 572,
      "rate": 0.1335
    },
    {
      "actual": "MITM",
      "predicted": "Port_Scanning",
      "count": 569,
      "rate": 0.1328
    },
    {
      "actual": "Uploading",
      "predicted": "SQL_injection",
      "count": 484,
      "rate": 0.113
    },
    {
      "actual": "DDoS_TCP",
      "predicted": "MITM",
      "count": 475,
      "rate": 0.1109
    }
  ],
  "confusion_matrix": {
    "labels": [
      "Normal",
      "DDoS_UDP",
      "DDoS_ICMP",
      "DDoS_TCP",
      "DDoS_HTTP",
      "Password",
      "Vulnerability_scanner",
      "SQL_injection",
      "Uploading",
      "Backdoor",
      "Port_Scanning",
      "XSS",
      "Ransomware",
      "MITM",
      "OS_Fingerprinting"
    ],