{
  "round": 5,
  "num_samples": 120000,
  "accuracy": 0.57665,
  "loss": 0.016841577141483623,
  "class_distribution": {
    "Normal": 60010,
    "DDoS_UDP": 4285,
    "DDoS_ICMP": 4285,
    "DDoS_TCP": 4285,
    "DDoS_HTTP": 4285,
    "Password": 4285,
    "Vulnerability_scanner": 4285,
    "SQL_injection": 4285,
    "Uploading": 4285,
    "Backdoor": 4285,
    "Port_Scanning": 4285,
    "XSS": 4285,
    "Ransomware": 4285,
    "MITM": 4285,
    "OS_Fingerprinting": 4285
  },
  "inactive_classes": [],
  "summary_metrics": {
    "accuracy": 0.57665,
    "macro_avg": {
      "precision": 0.20026533329707816,
      "recall": 0.2096149358226371,
      "f1": 0.14468588974430288,
      "support": 120000
    },
    "weighted_avg": {
      "precision": 0.4147971773047473,
      "recall": 0.57665,
      "f1": 0.4475150891202878,
      "support": 120000
    }
  },
  "per_class_metrics": {
    "Normal": {
      "precision": 0.6622450781318973,
      "recall": 1.0,
      "f1": 0.7968079879967602,
      "support": 60010
    },
    "DDoS_UDP": {
      "precision": 0.0,
      "recall": 0.0,
      "f1": 0.0,
      "support": 4285
    },
    "DDoS_ICMP": {
      "precision": 0.25970149253731345,
      "recall": 0.9339556592765461,
      "f1": 0.4063975628332064,
      "support": 4285
    },
    "DDoS_TCP": {
      "precision": 0.0,
      "recall": 0.0,
      "f1": 0.0,
      "support": 4285
    },
    "DDoS_HTTP": {
      "precision": 0.3245369611539092,
      "recall": 0.9241540256709452,
      "f1": 0.4803784800145569,
      "support": 4285
    },
    "Password": {
      "precision": 0.0,
      "recall": 0.0,
      "f1": 0.0,
      "support": 4285
    },
    "Vulnerability_scanner": {
      "precision": 0.0,
      "recall": 0.0,
      "f1": 0.0,
      "support": 4285
    },
    "SQL_injection": {
      "precision": 0.0,
      "recall": 0.0,
      "f1": 0.0,
      "support": 4285
    },
    "Uploading": {
      "precision": 0.2422680412371134,
      "recall": 0.010968494749124855,
      "f1": 0.020986827416834115,
      "support": 4285
    },
    "Backdoor": {
      "precision": 0.0,
      "recall": 0.0,
      "f1": 0.0,
      "support": 4285
    },
    "Port_Scanning": {
      "precision": 0.0,
      "recall": 0.0,
      "f1": 0.0,
      "support": 4285
    },
    "XSS": {
      "precision": 0.5152284263959391,
      "recall": 0.09474912485414236,
      "f1": 0.16006307904592942,
      "support": 4285
    },
    "Ransomware": {
      "precision": 0.0,
      "recall": 0.0,
      "f1": 0.0,
      "support": 4285
    },
    "MITM": {
      "precision": 0.0,
      "recall": 0.0,
      "f1": 0.0,
      "support": 4285
    },
    "OS_Fingerprinting": {
      "precision": 1.0,
      "recall": 0.18039673278879814,
      "f1": 0.3056544088572558,
      "support": 4285
    }
  },
  "top_attack_types": [
    {
      "attack": "Ransomware",
      "count": 4285
    },
    {
      "attack": "XSS",
      "count": 4285
    },
    {
      "attack": "DDoS_TCP",
      "count": 4285
    },
    {
      "attack": "Uploading",
      "count": 4285
    },
    {
      "attack": "Backdoor",
      "count": 4285
    },
    {
      "attack": "Vulnerability_scanner",
      "count": 4285
    },
    {
      "attack": "DDoS_HTTP",
      "count": 4285
    },
    {
      "attack": "DDoS_UDP",
      "count": 4285
    },
    {
      "attack": "DDoS_ICMP",
      "count": 4285
    },
    {
      "attack": "OS_Fingerprinting",
      "count": 4285
    },
    {
      "attack": "Password",
      "count": 4285
    },
    {
      "attack": "Port_Scanning",
      "count": 4285
    },
    {
      "attack": "MITM",
      "count": 4285
    },
    {
      "attack": "SQL_injection",
      "count": 4285
    }
  ],
  "top_confusions": [
    {
      "actual": "Ransomware",
      "predicted": "Normal",
      "count": 4285
    },
    {
      "actual": "DDoS_TCP",
      "predicted": "Normal",
      "count": 4285
    },
    {
      "actual": "Backdoor",
      "predicted": "Normal",
      "count": 4285
    },
    {
      "actual": "Vulnerability_scanner",
      "predicted": "Normal",
      "count": 4285
    },
    {
      "actual": "DDoS_UDP",
      "predicted": "Normal",
      "count": 4285
    },
    {
      "actual": "Port_Scanning",
      "predicted": "Normal",
      "count": 4285
    },
    {
      "actual": "MITM",
      "predicted": "Normal",
      "count": 4285
    },
    {
      "actual": "Uploading",
      "predicted": "DDoS_ICMP",
      "count": 4024
    },
    {
      "actual": "XSS",
      "predicted": "DDoS_HTTP",
      "count": 3879
    },
    {
      "actual": "SQL_injection",
      "predicted": "DDoS_ICMP",
      "count": 3800
    },
    {
      "actual": "Password",
      "predicted": "DDoS_HTTP",
      "count": 3614
    },
    {
      "actual": "OS_Fingerprinting",
      "predicted": "DDoS_ICMP",
      "count": 3495
    },
    {
      "actual": "Password",
      "predicted": "Normal",
      "count": 611
    },
    {
      "actual": "SQL_injection",
      "predicted": "DDoS_HTTP",
      "count": 371
    },
    {
      "actual": "DDoS_HTTP",
      "predicted": "XSS",
      "count": 235
    },
    {
      "actual": "DDoS_ICMP",
      "predicted": "DDoS_HTTP",
      "count": 197
    },
    {
      "actual": "Uploading",
      "predicted": "DDoS_HTTP",
      "count": 181
    },
    {
      "actual": "DDoS_HTTP",
      "predicted": "DDoS_ICMP",
      "count": 89
    },
    {
      "actual": "SQL_injection",
      "predicted": "Uploading",
      "count": 75
    },
    {
      "actual": "DDoS_ICMP",
      "predicted": "Uploading",
      "count": 71
    }
  ],
  "problematic_confusions": [
    {
      "actual": "Ransomware",
      "predicted": "Normal",
      "count": 4285,
      "rate": 1.0
    },
    {
      "actual": "DDoS_TCP",
      "predicted": "Normal",
      "count": 4285,
      "rate": 1.0
    },
    {
      "actual": "Backdoor",
      "predicted": "Normal",
      "count": 4285,
      "rate": 1.0
    },
    {
      "actual": "Vulnerability_scanner",
      "predicted": "Normal",
      "count": 4285,
      "rate": 1.0
    },
    {
      "actual": "DDoS_UDP",
      "predicted": "Normal",
      "count": 4285,
      "rate": 1.0
    },
    {
      "actual": "Port_Scanning",
      "predicted": "Normal",
      "count": 4285,
      "rate": 1.0
    },
    {
      "actual": "MITM",
      "predicted": "Normal",
      "count": 4285,
      "rate": 1.0
    },
    {
      "actual": "Uploading",
      "predicted": "DDoS_ICMP",
      "count": 4024,
      "rate": 0.9391
    },
    {
      "actual": "XSS",
      "predicted": "DDoS_HTTP",
      "count": 3879,
      "rate": 0.9053
    },
    {
      "actual": "SQL_injection",
      "predicted": "DDoS_ICMP",
      "count": 3800,
      "rate": 0.8868
    },
    {
      "actual": "Password",
      "predicted": "DDoS_HTTP",
      "count": 3614,
      "rate": 0.8434
    },
    {
      "actual": "OS_Fingerprinting",
      "predicted": "DDoS_ICMP",
      "count": 3495,
      "rate": 0.8156
    },
    {
      "actual": "Password",
      "predicted": "Normal",
      "count": 611,
      "rate": 0.1426
    }
  ],
  "confusion_matrix": {
    "labels": [
      "Normal",
      "DDoS_UDP",
      "DDoS_ICMP",
      "DDoS_TCP",
      "DDoS_HTTP",
      "Password",
      "Vulnerability_scanner",
      "SQL_injection",
      "Uploading",
      "Backdoor",
      "Port_Scanning",
      "XSS",
      "Ransomware",
      "MITM",
      "OS_Fingerprinting"
    ],