{
  "round": 13,
  "num_samples": 120000,
  "accuracy": 0.781425,
  "loss": 0.010203512088457743,
  "class_distribution": {
    "Normal": 60010,
    "DDoS_UDP": 4285,
    "DDoS_ICMP": 4285,
    "DDoS_TCP": 4285,
    "DDoS_HTTP": 4285,
    "Password": 4285,
    "Vulnerability_scanner": 4285,
    "SQL_injection": 4285,
    "Uploading": 4285,
    "Backdoor": 4285,
    "Port_Scanning": 4285,
    "XSS": 4285,
    "Ransomware": 4285,
    "MITM": 4285,
    "OS_Fingerprinting": 4285
  },
  "inactive_classes": [],
  "summary_metrics": {
    "accuracy": 0.781425,
    "macro_avg": {
      "precision": 0.558735181997874,
      "recall": 0.5934856209301561,
      "f1": 0.552634183598203,
      "support": 120000
    },
    "weighted_avg": {
      "precision": 0.7536648878640143,
      "recall": 0.781425,
      "f1": 0.7549249216637307,
      "support": 120000
    }
  },
  "per_class_metrics": {
    "Normal": {
      "precision": 0.978503054657127,
      "recall": 0.9982002999500084,
      "f1": 0.988253538786419,
      "support": 60010
    },
    "DDoS_UDP": {
      "precision": 0.5666452028332261,
      "recall": 0.20536756126021002,
      "f1": 0.3014731072285029,
      "support": 4285
    },
    "DDoS_ICMP": {
      "precision": 0.3698733698733699,
      "recall": 0.9134189031505251,
      "f1": 0.5265352794780386,
      "support": 4285
    },
    "DDoS_TCP": {
      "precision": 1.0,
      "recall": 0.8625437572928821,
      "f1": 0.9261997243453202,
      "support": 4285
    },
    "DDoS_HTTP": {
      "precision": 0.7695928453753824,
      "recall": 0.7631271878646441,
      "f1": 0.7663463791891258,
      "support": 4285
    },
    "Password": {
      "precision": 0.438312380140635,
      "recall": 0.48004667444574095,
      "f1": 0.4582312319002005,
      "support": 4285
    },
    "Vulnerability_scanner": {
      "precision": 1.0,
      "recall": 0.8658109684947491,
      "f1": 0.9280800500312696,
      "support": 4285
    },
    "SQL_injection": {
      "precision": 0.0,
      "recall": 0.0,
      "f1": 0.0,
      "support": 4285
    },
    "Uploading": {
      "precision": 0.43058126619770454,
      "recall": 0.27141190198366394,
      "f1": 0.3329516175207558,
      "support": 4285
    },
    "Backdoor": {
      "precision": 0.5476054732041049,
      "recall": 0.8966161026837807,
      "f1": 0.6799398283337758,
      "support": 4285
    },
    "Port_Scanning": {
      "precision": 0.40817872018174933,
      "recall": 0.5031505250875146,
      "f1": 0.4507160029267273,
      "support": 4285
    },
    "XSS": {
      "precision": 0.41404358353510895,
      "recall": 0.2793465577596266,
      "f1": 0.33361204013377926,
      "support": 4285
    },
    "Ransomware": {
      "precision": 0.0,
      "recall": 0.0,
      "f1": 0.0,
      "support": 4285
    },
    "MITM": {
      "precision": 0.4576918339697007,
      "recall": 0.8672112018669779,
      "f1": 0.5991615607868429,
      "support": 4285
    },
    "OS_Fingerprinting": {
      "precision": 1.0,
      "recall": 0.9960326721120186,
      "f1": 0.9980123933122881,
      "support": 4285
    }
  },
  "top_attack_types": [
    {
      "attack": "Ransomware",
      "count": 4285
    },
    {
      "attack": "XSS",
      "count": 4285
    },
    {
      "attack": "DDoS_TCP",
      "count": 4285
    },
    {
      "attack": "Uploading",
      "count": 4285
    },
    {
      "attack": "Backdoor",
      "count": 4285
    },
    {
      "attack": "Vulnerability_scanner",
      "count": 4285
    },
    {
      "attack": "DDoS_HTTP",
      "count": 4285
    },
    {
      "attack": "DDoS_UDP",
      "count": 4285
    },
    {
      "attack": "DDoS_ICMP",
      "count": 4285
    },
    {
      "attack": "OS_Fingerprinting",
      "count": 4285
    },
    {
      "attack": "Password",
      "count": 4285
    },
    {
      "attack": "Port_Scanning",
      "count": 4285
    },
    {
      "attack": "MITM",
      "count": 4285
    },
    {
      "attack": "SQL_injection",
      "count": 4285
    }
  ],
  "top_confusions": [
    {
      "actual": "SQL_injection",
      "predicted": "DDoS_ICMP",
      "count": 3474
    },
    {
      "actual": "Uploading",
      "predicted": "DDoS_ICMP",
      "count": 3121
    },
    {
      "actual": "Ransomware",
      "predicted": "Backdoor",
      "count": 2824
    },
    {
      "actual": "XSS",
      "predicted": "Password",
      "count": 2182
    },
    {
      "actual": "DDoS_UDP",
      "predicted": "Port_Scanning",
      "count": 2102
    },
    {
      "actual": "Password",
      "predicted": "XSS",
      "count": 1549
    },
    {
      "actual": "Ransomware",
      "predicted": "MITM",
      "count": 1223
    },
    {
      "actual": "Port_Scanning",
      "predicted": "MITM",
      "count": 909
    },
    {
      "actual": "XSS",
      "predicted": "DDoS_HTTP",
      "count": 906
    },
    {
      "actual": "SQL_injection",
      "predicted": "Uploading",
      "count": 807
    },
    {
      "actual": "DDoS_UDP",
      "predicted": "Normal",
      "count": 769
    },
    {
      "actual": "Port_Scanning",
      "predicted": "DDoS_UDP",
      "count": 673
    }
  ],
  "problematic_confusions": [
    {
      "actual": "SQL_injection",
      "predicted": "DDoS_ICMP",
      "count": 3474,
      "rate": 0.8107
    },
    {
      "actual": "Uploading",
      "predicted": "DDoS_ICMP",
      "count": 3121,
      "rate": 0.7284
    },
    {
      "actual": "Ransomware",
      "predicted": "Backdoor",
      "count": 2824,
      "rate": 0.659
    },
    {
      "actual": "XSS",
      "predicted": "Password",
      "count": 2182,
      "rate": 0.5092
    },
    {
      "actual": "DDoS_UDP",
      "predicted": "Port_Scanning",
      "count": 2102,
      "rate": 0.4905
    },
    {
      "actual": "Password",
      "predicted": "XSS",
      "count": 1549,
      "rate": 0.3615
    },
    {
      "actual": "Ransomware",
      "predicted": "MITM",
      "count": 1223,
      "rate": 0.2854
    },
    {
      "actual": "Port_Scanning",
      "predicted": "MITM",
      "count": 909,
      "rate": 0.2121
    },
    {
      "actual": "XSS",
      "predicted": "DDoS_HTTP",
      "count": 906,
      "rate": 0.2114
    },
    {
      "actual": "SQL_injection",
      "predicted": "Uploading",
      "count": 807,
      "rate": 0.1883
    },
    {
      "actual": "DDoS_UDP",
      "predicted": "Normal",
      "count": 769,
      "rate": 0.1795
    },
    {
      "actual": "Port_Scanning",
      "predicted": "DDoS_UDP",
      "count": 673,
      "rate": 0.1571
    },
    {
      "actual": "DDoS_TCP",
      "predicted": "MITM",
      "count": 589,
      "rate": 0.1375
    },
    {
      "actual": "Vulnerability_scanner",
      "predicted": "MITM",
      "count": 575,
      "rate": 0.1342
    },
    {
      "actual": "MITM",
      "predicted": "Port_Scanning",
      "count": 569,
      "rate": 0.1328
    },
    {
      "actual": "Port_Scanning",
      "predicted": "Normal",
      "count": 547,
      "rate": 0.1277
    },
    {
      "actual": "DDoS_UDP",
      "predicted": "MITM",
      "count": 534,
      "rate": 0.1246
    },
    {
      "actual": "DDoS_HTTP",
      "predicted": "Password",
      "count": 437,
      "rate": 0.102
    }
  ],
  "confusion_matrix": {
    "labels": [
      "Normal",
      "DDoS_UDP",
      "DDoS_ICMP",
      "DDoS_TCP",
      "DDoS_HTTP",
      "Password",
      "Vulnerability_scanner",
      "SQL_injection",
      "Uploading",
      "Backdoor",
      "Port_Scanning",
      "XSS",
      "Ransomware",
      "MITM",
      "OS_Fingerprinting"
    ],