{
  "round": 4,
  "num_samples": 120000,
  "accuracy": 0.5418083333333333,
  "loss": 0.018544232805073262,
  "class_distribution": {
    "Normal": 60010,
    "DDoS_UDP": 4285,
    "DDoS_ICMP": 4285,
    "DDoS_TCP": 4285,
    "DDoS_HTTP": 4285,
    "Password": 4285,
    "Vulnerability_scanner": 4285,
    "SQL_injection": 4285,
    "Uploading": 4285,
    "Backdoor": 4285,
    "Port_Scanning": 4285,
    "XSS": 4285,
    "Ransomware": 4285,
    "MITM": 4285,
    "OS_Fingerprinting": 4285
  },
  "inactive_classes": [],
  "summary_metrics": {
    "accuracy": 0.5418083333333333,
    "macro_avg": {
      "precision": 0.08187524941931586,
      "recall": 0.14456631660832361,
      "f1": 0.08963557566530288,
      "support": 120000
    },
    "weighted_avg": {
      "precision": 0.3513844886277208,
      "recall": 0.5418083333333333,
      "f1": 0.4180287646417234,
      "support": 120000
    }
  },
  "per_class_metrics": {
    "Normal": {
      "precision": 0.6622450781318973,
      "recall": 1.0,
      "f1": 0.7968079879967602,
      "support": 60010
    },
    "DDoS_UDP": {
      "precision": 0.0,
      "recall": 0.0,
      "f1": 0.0,
      "support": 4285
    },
    "DDoS_ICMP": {
      "precision": 0.3809275664408546,
      "recall": 0.1705950991831972,
      "f1": 0.23565441650548033,
      "support": 4285
    },
    "DDoS_TCP": {
      "precision": 0.0,
      "recall": 0.0,
      "f1": 0.0,
      "support": 4285
    },
    "DDoS_HTTP": {
      "precision": 0.18495609671698604,
      "recall": 0.9978996499416569,
      "f1": 0.31207123047730256,
      "support": 4285
    },
    "Password": {
      "precision": 0.0,
      "recall": 0.0,
      "f1": 0.0,
      "support": 4285
    },
    "Vulnerability_scanner": {
      "precision": 0.0,
      "recall": 0.0,
      "f1": 0.0,
      "support": 4285
    },
    "SQL_injection": {
      "precision": 0.0,
      "recall": 0.0,
      "f1": 0.0,
      "support": 4285
    },
    "Uploading": {
      "precision": 0.0,
      "recall": 0.0,
      "f1": 0.0,
      "support": 4285
    },
    "Backdoor": {
      "precision": 0.0,
      "recall": 0.0,
      "f1": 0.0,
      "support": 4285
    },
    "Port_Scanning": {
      "precision": 0.0,
      "recall": 0.0,
      "f1": 0.0,
      "support": 4285
    },
    "XSS": {
      "precision": 0.0,
      "recall": 0.0,
      "f1": 0.0,
      "support": 4285
    },
    "Ransomware": {
      "precision": 0.0,
      "recall": 0.0,
      "f1": 0.0,
      "support": 4285
    },
    "MITM": {
      "precision": 0.0,
      "recall": 0.0,
      "f1": 0.0,
      "support": 4285
    },
    "OS_Fingerprinting": {
      "precision": 0.0,
      "recall": 0.0,
      "f1": 0.0,
      "support": 4285
    }
  },
  "top_attack_types": [
    {
      "attack": "Ransomware",
      "count": 4285
    },
    {
      "attack": "XSS",
      "count": 4285
    },
    {
      "attack": "DDoS_TCP",
      "count": 4285
    },
    {
      "attack": "Uploading",
      "count": 4285
    },
    {
      "attack": "Backdoor",
      "count": 4285
    },
    {
      "attack": "Vulnerability_scanner",
      "count": 4285
    },
    {
      "attack": "DDoS_HTTP",
      "count": 4285
    },
    {
      "attack": "DDoS_UDP",
      "count": 4285
    },
    {
      "attack": "DDoS_ICMP",
      "count": 4285
    },
    {
      "attack": "OS_Fingerprinting",
      "count": 4285
    },
    {
      "attack": "Password",
      "count": 4285
    },
    {
      "attack": "Port_Scanning",
      "count": 4285
    },
    {
      "attack": "MITM",
      "count": 4285
    },
    {
      "attack": "SQL_injection",
      "count": 4285
    }
  ],
  "top_confusions": [
    {
      "actual": "Ransomware",
      "predicted": "Normal",
      "count": 4285
    },
    {
      "actual": "XSS",
      "predicted": "DDoS_HTTP",
      "count": 4285
    },
    {
      "actual": "DDoS_TCP",
      "predicted": "Normal",
      "count": 4285
    },
    {
      "actual": "Backdoor",
      "predicted": "Normal",
      "count": 4285
    },
    {
      "actual": "Vulnerability_scanner",
      "predicted": "Normal",
      "count": 4285
    },
    {
      "actual": "DDoS_UDP",
      "predicted": "Normal",
      "count": 4285
    },
    {
      "actual": "Port_Scanning",
      "predicted": "Normal",
      "count": 4285
    },
    {
      "actual": "MITM",
      "predicted": "Normal",
      "count": 4285
    },
    {
      "actual": "OS_Fingerprinting",
      "predicted": "SQL_injection",
      "count": 4268
    },
    {
      "actual": "Uploading",
      "predicted": "DDoS_HTTP",
      "count": 3855
    },
    {
      "actual": "Password",
      "predicted": "DDoS_HTTP",
      "count": 3674
    },
    {
      "actual": "SQL_injection",
      "predicted": "DDoS_HTTP",
      "count": 3536
    },
    {
      "actual": "DDoS_ICMP",
      "predicted": "DDoS_HTTP",
      "count": 3476
    },
    {
      "actual": "SQL_injection",
      "predicted": "DDoS_ICMP",
      "count": 749
    },
    {
      "actual": "Password",
      "predicted": "Normal",
      "count": 611
    },
    {
      "actual": "Uploading",
      "predicted": "DDoS_ICMP",
      "count": 430
    },
    {
      "actual": "DDoS_ICMP",
      "predicted": "Password",
      "count": 78
    },
    {
      "actual": "OS_Fingerprinting",
      "predicted": "DDoS_HTTP",
      "count": 17
    },
    {
      "actual": "DDoS_HTTP",
      "predicted": "DDoS_ICMP",
      "count": 9
    }
  ],
  "problematic_confusions": [
    {
      "actual": "Ransomware",
      "predicted": "Normal",
      "count": 4285,
      "rate": 1.0
    },
    {
      "actual": "XSS",
      "predicted": "DDoS_HTTP",
      "count": 4285,
      "rate": 1.0
    },
    {
      "actual": "DDoS_TCP",
      "predicted": "Normal",
      "count": 4285,
      "rate": 1.0
    },
    {
      "actual": "Backdoor",
      "predicted": "Normal",
      "count": 4285,
      "rate": 1.0
    },
    {
      "actual": "Vulnerability_scanner",
      "predicted": "Normal",
      "count": 4285,
      "rate": 1.0
    },
    {
      "actual": "DDoS_UDP",
      "predicted": "Normal",
      "count": 4285,
      "rate": 1.0
    },
    {
      "actual": "Port_Scanning",
      "predicted": "Normal",
      "count": 4285,
      "rate": 1.0
    },
    {
      "actual": "MITM",
      "predicted": "Normal",
      "count": 4285,
      "rate": 1.0
    },
    {
      "actual": "OS_Fingerprinting",
      "predicted": "SQL_injection",
      "count": 4268,
      "rate": 0.996
    },
    {
      "actual": "Uploading",
      "predicted": "DDoS_HTTP",
      "count": 3855,
      "rate": 0.8996
    },
    {
      "actual": "Password",
      "predicted": "DDoS_HTTP",
      "count": 3674,
      "rate": 0.8574
    },
    {
      "actual": "SQL_injection",
      "predicted": "DDoS_HTTP",
      "count": 3536,
      "rate": 0.8252
    },
    {
      "actual": "DDoS_ICMP",
      "predicted": "DDoS_HTTP",
      "count": 3476,
      "rate": 0.8112
    },
    {
      "actual": "SQL_injection",
      "predicted": "DDoS_ICMP",
      "count": 749,
      "rate": 0.1748
    },
    {
      "actual": "Password",
      "predicted": "Normal",
      "count": 611,
      "rate": 0.1426
    },
    {
      "actual": "Uploading",
      "predicted": "DDoS_ICMP",
      "count": 430,
      "rate": 0.1004
    }
  ],
  "confusion_matrix": {
    "labels": [
      "Normal",
      "DDoS_UDP",
      "DDoS_ICMP",
      "DDoS_TCP",
      "DDoS_HTTP",
      "Password",
      "Vulnerability_scanner",
      "SQL_injection",
      "Uploading",
      "Backdoor",
      "Port_Scanning",
      "XSS",
      "Ransomware",
      "MITM",
      "OS_Fingerprinting"
    ],