{
  "round": 1,
  "num_samples": 120000,
  "accuracy": 0.5000833333333333,
  "loss": 0.03580757388472557,
  "class_distribution": {
    "Normal": 60010,
    "DDoS_UDP": 4285,
    "DDoS_ICMP": 4285,
    "DDoS_TCP": 4285,
    "DDoS_HTTP": 4285,
    "Password": 4285,
    "Vulnerability_scanner": 4285,
    "SQL_injection": 4285,
    "Uploading": 4285,
    "Backdoor": 4285,
    "Port_Scanning": 4285,
    "XSS": 4285,
    "Ransomware": 4285,
    "MITM": 4285,
    "OS_Fingerprinting": 4285
  },
  "inactive_classes": [],
  "summary_metrics": {
    "accuracy": 0.5000833333333333,
    "macro_avg": {
      "precision": 0.03333888888888889,
      "recall": 0.06666666666666667,
      "f1": 0.04444938244171621,
      "support": 120000
    },
    "weighted_avg": {
      "precision": 0.2500833402777778,
      "recall": 0.5000833333333333,
      "f1": 0.33342593004092363,
      "support": 120000
    }
  },
  "per_class_metrics": {
    "Normal": {
      "precision": 0.5000833333333333,
      "recall": 1.0,
      "f1": 0.6667407366257431,
      "support": 60010
    },
    "DDoS_UDP": {
      "precision": 0.0,
      "recall": 0.0,
      "f1": 0.0,
      "support": 4285
    },
    "DDoS_ICMP": {
      "precision": 0.0,
      "recall": 0.0,
      "f1": 0.0,
      "support": 4285
    },
    "DDoS_TCP": {
      "precision": 0.0,
      "recall": 0.0,
      "f1": 0.0,
      "support": 4285
    },
    "DDoS_HTTP": {
      "precision": 0.0,
      "recall": 0.0,
      "f1": 0.0,
      "support": 4285
    },
    "Password": {
      "precision": 0.0,
      "recall": 0.0,
      "f1": 0.0,
      "support": 4285
    },
    "Vulnerability_scanner": {
      "precision": 0.0,
      "recall": 0.0,
      "f1": 0.0,
      "support": 4285
    },
    "SQL_injection": {
      "precision": 0.0,
      "recall": 0.0,
      "f1": 0.0,
      "support": 4285
    },
    "Uploading": {
      "precision": 0.0,
      "recall": 0.0,
      "f1": 0.0,
      "support": 4285
    },
    "Backdoor": {
      "precision": 0.0,
      "recall": 0.0,
      "f1": 0.0,
      "support": 4285
    },
    "Port_Scanning": {
      "precision": 0.0,
      "recall": 0.0,
      "f1": 0.0,
      "support": 4285
    },
    "XSS": {
      "precision": 0.0,
      "recall": 0.0,
      "f1": 0.0,
      "support": 4285
    },
    "Ransomware": {
      "precision": 0.0,
      "recall": 0.0,
      "f1": 0.0,
      "support": 4285
    },
    "MITM": {
      "precision": 0.0,
      "recall": 0.0,
      "f1": 0.0,
      "support": 4285
    },
    "OS_Fingerprinting": {
      "precision": 0.0,
      "recall": 0.0,
      "f1": 0.0,
      "support": 4285
    }
  },
  "top_attack_types": [
    {
      "attack": "Ransomware",
      "count": 4285
    },
    {
      "attack": "XSS",
      "count": 4285
    },
    {
      "attack": "DDoS_TCP",
      "count": 4285
    },
    {
      "attack": "Uploading",
      "count": 4285
    },
    {
      "attack": "Backdoor",
      "count": 4285
    },
    {
      "attack": "Vulnerability_scanner",
      "count": 4285
    },
    {
      "attack": "DDoS_HTTP",
      "count": 4285
    },
    {
      "attack": "DDoS_UDP",
      "count": 4285
    },
    {
      "attack": "DDoS_ICMP",
      "count": 4285
    },
    {
      "attack": "OS_Fingerprinting",
      "count": 4285
    },
    {
      "attack": "Password",
      "count": 4285
    },
    {
      "attack": "Port_Scanning",
      "count": 4285
    },
    {
      "attack": "MITM",
      "count": 4285
    },
    {
      "attack": "SQL_injection",
      "count": 4285
    }
  ],
  "top_confusions": [
    {
      "actual": "Ransomware",
      "predicted": "Normal",
      "count": 4285
    },
    {
      "actual": "XSS",
      "predicted": "Normal",
      "count": 4285
    },
    {
      "actual": "DDoS_TCP",
      "predicted": "Normal",
      "count": 4285
    },
    {
      "actual": "Uploading",
      "predicted": "Normal",
      "count": 4285
    },
    {
      "actual": "Backdoor",
      "predicted": "Normal",
      "count": 4285
    },
    {
      "actual": "Vulnerability_scanner",
      "predicted": "Normal",
      "count": 4285
    },
    {
      "actual": "DDoS_HTTP",
      "predicted": "Normal",
      "count": 4285
    },
    {
      "actual": "DDoS_UDP",
      "predicted": "Normal",
      "count": 4285
    },
    {
      "actual": "DDoS_ICMP",
      "predicted": "Normal",
      "count": 4285
    },
    {
      "actual": "OS_Fingerprinting",
      "predicted": "Normal",
      "count": 4285
    },
    {
      "actual": "Password",
      "predicted": "Normal",
      "count": 4285
    },
    {
      "actual": "Port_Scanning",
      "predicted": "Normal",
      "count": 4285
    },
    {
      "actual": "MITM",
      "predicted": "Normal",
      "count": 4285
    },
    {
      "actual": "SQL_injection",
      "predicted": "Normal",
      "count": 4285
    }
  ],
  "problematic_confusions": [
    {
      "actual": "Ransomware",
      "predicted": "Normal",
      "count": 4285,
      "rate": 1.0
    },
    {
      "actual": "XSS",
      "predicted": "Normal",
      "count": 4285,
      "rate": 1.0
    },
    {
      "actual": "DDoS_TCP",
      "predicted": "Normal",
      "count": 4285,
      "rate": 1.0
    },
    {
      "actual": "Uploading",
      "predicted": "Normal",
      "count": 4285,
      "rate": 1.0
    },
    {
      "actual": "Backdoor",
      "predicted": "Normal",
      "count": 4285,
      "rate": 1.0
    },
    {
      "actual": "Vulnerability_scanner",
      "predicted": "Normal",
      "count": 4285,
      "rate": 1.0
    },
    {
      "actual": "DDoS_HTTP",
      "predicted": "Normal",
      "count": 4285,
      "rate": 1.0
    },
    {
      "actual": "DDoS_UDP",
      "predicted": "Normal",
      "count": 4285,
      "rate": 1.0
    },
    {
      "actual": "DDoS_ICMP",
      "predicted": "Normal",
      "count": 4285,
      "rate": 1.0
    },
    {
      "actual": "OS_Fingerprinting",
      "predicted": "Normal",
      "count": 4285,
      "rate": 1.0
    },
    {
      "actual": "Password",
      "predicted": "Normal",
      "count": 4285,
      "rate": 1.0
    },
    {
      "actual": "Port_Scanning",
      "predicted": "Normal",
      "count": 4285,
      "rate": 1.0
    },
    {
      "actual": "MITM",
      "predicted": "Normal",
      "count": 4285,
      "rate": 1.0
    },
    {
      "actual": "SQL_injection",
      "predicted": "Normal",
      "count": 4285,
      "rate": 1.0
    }
  ],
  "confusion_matrix": {
    "labels": [
      "Normal",
      "DDoS_UDP",
      "DDoS_ICMP",
      "DDoS_TCP",
      "DDoS_HTTP",
      "Password",
      "Vulnerability_scanner",
      "SQL_injection",
      "Uploading",
      "Backdoor",
      "Port_Scanning",
      "XSS",
      "Ransomware",
      "MITM",
      "OS_Fingerprinting"
    ],