{
  "round": 17,
  "num_samples": 120000,
  "accuracy": 0.7828416666666667,
  "loss": 0.008831310696651539,
  "class_distribution": {
    "Normal": 60010,
    "DDoS_UDP": 4285,
    "DDoS_ICMP": 4285,
    "DDoS_TCP": 4285,
    "DDoS_HTTP": 4285,
    "Password": 4285,
    "Vulnerability_scanner": 4285,
    "SQL_injection": 4285,
    "Uploading": 4285,
    "Backdoor": 4285,
    "Port_Scanning": 4285,
    "XSS": 4285,
    "Ransomware": 4285,
    "MITM": 4285,
    "OS_Fingerprinting": 4285
  },
  "inactive_classes": [],
  "summary_metrics": {
    "accuracy": 0.7828416666666667,
    "macro_avg": {
      "precision": 0.580686707960244,
      "recall": 0.5953214617218925,
      "f1": 0.5574763845097025,
      "support": 120000
    },
    "weighted_avg": {
      "precision": 0.7709486557169435,
      "recall": 0.7828416666666667,
      "f1": 0.7605348661102276,
      "support": 120000
    }
  },
  "per_class_metrics": {
    "Normal": {
      "precision": 0.9904028807875914,
      "recall": 0.9991334777537078,
      "f1": 0.9947490232187741,
      "support": 60010
    },
    "DDoS_UDP": {
      "precision": 0.49792284866468844,
      "recall": 0.39159859976662775,
      "f1": 0.43840627041149577,
      "support": 4285
    },
    "DDoS_ICMP": {
      "precision": 0.39973421926910296,
      "recall": 0.7019836639439907,
      "f1": 0.5093988145639289,
      "support": 4285
    },
    "DDoS_TCP": {
      "precision": 1.0,
      "recall": 0.8434072345390898,
      "f1": 0.9150525382959869,
      "support": 4285
    },
    "DDoS_HTTP": {
      "precision": 0.768498691410897,
      "recall": 0.7537922987164527,
      "f1": 0.7610744580584354,
      "support": 4285
    },
    "Password": {
      "precision": 0.10526315789473684,
      "recall": 0.0004667444574095683,
      "f1": 0.0009293680297397769,
      "support": 4285
    },
    "Vulnerability_scanner": {
      "precision": 1.0,
      "recall": 0.8693115519253208,
      "f1": 0.9300873907615481,
      "support": 4285
    },
    "SQL_injection": {
      "precision": 0.3838120104438642,
      "recall": 0.034305717619603264,
      "f1": 0.06298200514138817,
      "support": 4285
    },
    "Uploading": {
      "precision": 0.4345018450184502,
      "recall": 0.5495915985997666,
      "f1": 0.4853168469860896,
      "support": 4285
    },
    "Backdoor": {
      "precision": 0.52921388101983,
      "recall": 0.6975495915985997,
      "f1": 0.6018322762508809,
      "support": 4285
    },
    "Port_Scanning": {
      "precision": 0.41516138584542495,
      "recall": 0.3271878646441074,
      "f1": 0.3659618898459932,
      "support": 4285
    },
    "XSS": {
      "precision": 0.44648520084566595,
      "recall": 0.7885647607934656,
      "f1": 0.5701510166202649,
      "support": 4285
    },
    "Ransomware": {
      "precision": 0.32060027285129605,
      "recall": 0.10968494749124855,
      "f1": 0.16344983481133715,
      "support": 4285
    },
    "MITM": {
      "precision": 0.41870422535211266,
      "recall": 0.8672112018669779,
      "f1": 0.564741641337386,
      "support": 4285
    },
    "OS_Fingerprinting": {
      "precision": 1.0,
      "recall": 0.9960326721120186,
      "f1": 0.9980123933122881,
      "support": 4285
    }
  },
  "top_attack_types": [
    {
      "attack": "Ransomware",
      "count": 4285
    },
    {
      "attack": "XSS",
      "count": 4285
    },
    {
      "attack": "DDoS_TCP",
      "count": 4285
    },
    {
      "attack": "Uploading",
      "count": 4285
    },
    {
      "attack": "Backdoor",
      "count": 4285
    },
    {
      "attack": "Vulnerability_scanner",
      "count": 4285
    },
    {
      "attack": "DDoS_HTTP",
      "count": 4285
    },
    {
      "attack": "DDoS_UDP",
      "count": 4285
    },
    {
      "attack": "DDoS_ICMP",
      "count": 4285
    },
    {
      "attack": "OS_Fingerprinting",
      "count": 4285
    },
    {
      "attack": "Password",
      "count": 4285
    },
    {
      "attack": "Port_Scanning",
      "count": 4285
    },
    {
      "attack": "MITM",
      "count": 4285
    },
    {
      "attack": "SQL_injection",
      "count": 4285
    }
  ],
  "top_confusions": [
    {
      "actual": "Password",
      "predicted": "XSS",
      "count": 3607
    },
    {
      "actual": "SQL_injection",
      "predicted": "DDoS_ICMP",
      "count": 2615
    },
    {
      "actual": "Ransomware",
      "predicted": "Backdoor",
      "count": 2398
    },
    {
      "actual": "Uploading",
      "predicted": "DDoS_ICMP",
      "count": 1840
    },
    {
      "actual": "SQL_injection",
      "predicted": "Uploading",
      "count": 1523
    },
    {
      "actual": "Port_Scanning",
      "predicted": "DDoS_UDP",
      "count": 1414
    },
    {
      "actual": "DDoS_UDP",
      "predicted": "Port_Scanning",
      "count": 1304
    },
    {
      "actual": "Port_Scanning",
      "predicted": "MITM",
      "count": 1226
    },
    {
      "actual": "Ransomware",
      "predicted": "MITM",
      "count": 1223
    },
    {
      "actual": "DDoS_ICMP",
      "predicted": "Uploading",
      "count": 1132
    },
    {
      "actual": "DDoS_UDP",
      "predicted": "MITM",
      "count": 965
    },
    {
      "actual": "XSS",
      "predicted": "DDoS_HTTP",
      "count": 906
    },
    {
      "actual": "Backdoor",
      "predicted": "Ransomware",
      "count": 873
    }
  ],
  "problematic_confusions": [
    {
      "actual": "Password",
      "predicted": "XSS",
      "count": 3607,
      "rate": 0.8418
    },
    {
      "actual": "SQL_injection",
      "predicted": "DDoS_ICMP",
      "count": 2615,
      "rate": 0.6103
    },
    {
      "actual": "Ransomware",
      "predicted": "Backdoor",
      "count": 2398,
      "rate": 0.5596
    },
    {
      "actual": "Uploading",
      "predicted": "DDoS_ICMP",
      "count": 1840,
      "rate": 0.4294
    },
    {
      "actual": "SQL_injection",
      "predicted": "Uploading",
      "count": 1523,
      "rate": 0.3554
    },
    {
      "actual": "Port_Scanning",
      "predicted": "DDoS_UDP",
      "count": 1414,
      "rate": 0.33
    },
    {
      "actual": "DDoS_UDP",
      "predicted": "Port_Scanning",
      "count": 1304,
      "rate": 0.3043
    },
    {
      "actual": "Port_Scanning",
      "predicted": "MITM",
      "count": 1226,
      "rate": 0.2861
    },
    {
      "actual": "Ransomware",
      "predicted": "MITM",
      "count": 1223,
      "rate": 0.2854
    },
    {
      "actual": "DDoS_ICMP",
      "predicted": "Uploading",
      "count": 1132,
      "rate": 0.2642
    },
    {
      "actual": "DDoS_UDP",
      "predicted": "MITM",
      "count": 965,
      "rate": 0.2252
    },
    {
      "actual": "XSS",
      "predicted": "DDoS_HTTP",
      "count": 906,
      "rate": 0.2114
    },
    {
      "actual": "Backdoor",
      "predicted": "Ransomware",
      "count": 873,
      "rate": 0.2037
    },
    {
      "actual": "DDoS_TCP",
      "predicted": "MITM",
      "count": 671,
      "rate": 0.1566
    },
    {
      "actual": "DDoS_HTTP",
      "predicted": "XSS",
      "count": 582,
      "rate": 0.1358
    },
    {
      "actual": "Vulnerability_scanner",
      "predicted": "MITM",
      "count": 560,
      "rate": 0.1307
    }
  ],
  "confusion_matrix": {
    "labels": [
      "Normal",
      "DDoS_UDP",
      "DDoS_ICMP",
      "DDoS_TCP",
      "DDoS_HTTP",
      "Password",
      "Vulnerability_scanner",
      "SQL_injection",
      "Uploading",
      "Backdoor",
      "Port_Scanning",
      "XSS",
      "Ransomware",
      "MITM",
      "OS_Fingerprinting"
    ],