{
  "round": 24,
  "num_samples": 120000,
  "accuracy": 0.7925,
  "loss": 0.0074091873447100325,
  "class_distribution": {
    "Normal": 60010,
    "DDoS_UDP": 4285,
    "DDoS_ICMP": 4285,
    "DDoS_TCP": 4285,
    "DDoS_HTTP": 4285,
    "Password": 4285,
    "Vulnerability_scanner": 4285,
    "SQL_injection": 4285,
    "Uploading": 4285,
    "Backdoor": 4285,
    "Port_Scanning": 4285,
    "XSS": 4285,
    "Ransomware": 4285,
    "MITM": 4285,
    "OS_Fingerprinting": 4285
  },
  "inactive_classes": [],
  "summary_metrics": {
    "accuracy": 0.7925,
    "macro_avg": {
      "precision": 0.5929264746543353,
      "recall": 0.6133533559264822,
      "f1": 0.5867572275195052,
      "support": 120000
    },
    "weighted_avg": {
      "precision": 0.7819612429867284,
      "recall": 0.7925,
      "f1": 0.7784555571480438,
      "support": 120000
    }
  },
  "per_class_metrics": {
    "Normal": {
      "precision": 1.0,
      "recall": 0.9991334777537078,
      "f1": 0.999566551080288,
      "support": 60010
    },
    "DDoS_UDP": {
      "precision": 0.5743451463790447,
      "recall": 0.3479579929988331,
      "f1": 0.4333672431332655,
      "support": 4285
    },
    "DDoS_ICMP": {
      "precision": 0.4056690033526364,
      "recall": 0.6212368728121354,
      "f1": 0.4908269567622384,
      "support": 4285
    },
    "DDoS_TCP": {
      "precision": 1.0,
      "recall": 0.8896149358226371,
      "f1": 0.9415833024577004,
      "support": 4285
    },
    "DDoS_HTTP": {
      "precision": 0.7702799712849964,
      "recall": 0.7512252042007002,
      "f1": 0.7606332703213611,
      "support": 4285
    },
    "Password": {
      "precision": 0.5302504816955684,
      "recall": 0.32112018669778297,
      "f1": 0.4,
      "support": 4285
    },
    "Vulnerability_scanner": {
      "precision": 1.0,
      "recall": 0.8900816802800466,
      "f1": 0.9418446721817508,
      "support": 4285
    },
    "SQL_injection": {
      "precision": 0.0,
      "recall": 0.0,
      "f1": 0.0,
      "support": 4285
    },
    "Uploading": {
      "precision": 0.4116303851423352,
      "recall": 0.6310385064177363,
      "f1": 0.4982494932743689,
      "support": 4285
    },
    "Backdoor": {
      "precision": 0.5300711743772242,
      "recall": 0.6952158693115519,
      "f1": 0.6015143866733973,
      "support": 4285
    },
    "Port_Scanning": {
      "precision": 0.4182663164275611,
      "recall": 0.4830805134189031,
      "f1": 0.44834307992202727,
      "support": 4285
    },
    "XSS": {
      "precision": 0.48238839706159353,
      "recall": 0.5976662777129521,
      "f1": 0.5338753387533876,
      "support": 4285
    },
    "Ransomware": {
      "precision": 0.3243616287094548,
      "recall": 0.10968494749124855,
      "f1": 0.16393442622950818,
      "support": 4285
    },
    "MITM": {
      "precision": 0.4466346153846154,
      "recall": 0.8672112018669779,
      "f1": 0.5896072986909956,
      "support": 4285
    },
    "OS_Fingerprinting": {
      "precision": 1.0,
      "recall": 0.9960326721120186,
      "f1": 0.9980123933122881,
      "support": 4285
    }
  },
  "top_attack_types": [
    {
      "attack": "Ransomware",
      "count": 4285
    },
    {
      "attack": "XSS",
      "count": 4285
    },
    {
      "attack": "DDoS_TCP",
      "count": 4285
    },
    {
      "attack": "Uploading",
      "count": 4285
    },
    {
      "attack": "Backdoor",
      "count": 4285
    },
    {
      "attack": "Vulnerability_scanner",
      "count": 4285
    },
    {
      "attack": "DDoS_HTTP",
      "count": 4285
    },
    {
      "attack": "DDoS_UDP",
      "count": 4285
    },
    {
      "attack": "DDoS_ICMP",
      "count": 4285
    },
    {
      "attack": "OS_Fingerprinting",
      "count": 4285
    },
    {
      "attack": "Password",
      "count": 4285
    },
    {
      "attack": "Port_Scanning",
      "count": 4285
    },
    {
      "attack": "MITM",
      "count": 4285
    },
    {
      "attack": "SQL_injection",
      "count": 4285
    }
  ],
  "top_confusions": [
    {
      "actual": "Ransomware",
      "predicted": "Backdoor",
      "count": 2377
    },
    {
      "actual": "SQL_injection",
      "predicted": "DDoS_ICMP",
      "count": 2266
    },
    {
      "actual": "Password",
      "predicted": "XSS",
      "count": 2263
    },
    {
      "actual": "SQL_injection",
      "predicted": "Uploading",
      "count": 2019
    },
    {
      "actual": "DDoS_UDP",
      "predicted": "Port_Scanning",
      "count": 1991
    },
    {
      "actual": "Uploading",
      "predicted": "DDoS_ICMP",
      "count": 1581
    },
    {
      "actual": "DDoS_ICMP",
      "predicted": "Uploading",
      "count": 1426
    },
    {
      "actual": "Ransomware",
      "predicted": "MITM",
      "count": 1223
    },
    {
      "actual": "Port_Scanning",
      "predicted": "MITM",
      "count": 1110
    },
    {
      "actual": "Port_Scanning",
      "predicted": "DDoS_UDP",
      "count": 1105
    },
    {
      "actual": "XSS",
      "predicted": "Password",
      "count": 1003
    },
    {
      "actual": "Backdoor",
      "predicted": "Ransomware",
      "count": 873
    }
  ],
  "problematic_confusions": [
    {
      "actual": "Ransomware",
      "predicted": "Backdoor",
      "count": 2377,
      "rate": 0.5547
    },
    {
      "actual": "SQL_injection",
      "predicted": "DDoS_ICMP",
      "count": 2266,
      "rate": 0.5288
    },
    {
      "actual": "Password",
      "predicted": "XSS",
      "count": 2263,
      "rate": 0.5281
    },
    {
      "actual": "SQL_injection",
      "predicted": "Uploading",
      "count": 2019,
      "rate": 0.4712
    },
    {
      "actual": "DDoS_UDP",
      "predicted": "Port_Scanning",
      "count": 1991,
      "rate": 0.4646
    },
    {
      "actual": "Uploading",
      "predicted": "DDoS_ICMP",
      "count": 1581,
      "rate": 0.369
    },
    {
      "actual": "DDoS_ICMP",
      "predicted": "Uploading",
      "count": 1426,
      "rate": 0.3328
    },
    {
      "actual": "Ransomware",
      "predicted": "MITM",
      "count": 1223,
      "rate": 0.2854
    },
    {
      "actual": "Port_Scanning",
      "predicted": "MITM",
      "count": 1110,
      "rate": 0.259
    },
    {
      "actual": "Port_Scanning",
      "predicted": "DDoS_UDP",
      "count": 1105,
      "rate": 0.2579
    },
    {
      "actual": "XSS",
      "predicted": "Password",
      "count": 1003,
      "rate": 0.2341
    },
    {
      "actual": "Backdoor",
      "predicted": "Ransomware",
      "count": 873,
      "rate": 0.2037
    },
    {
      "actual": "DDoS_UDP",
      "predicted": "MITM",
      "count": 803,
      "rate": 0.1874
    },
    {
      "actual": "XSS",
      "predicted": "DDoS_HTTP",
      "count": 721,
      "rate": 0.1683
    },
    {
      "actual": "MITM",
      "predicted": "Port_Scanning",
      "count": 569,
      "rate": 0.1328
    },
    {
      "actual": "DDoS_HTTP",
      "predicted": "XSS",
      "count": 485,
      "rate": 0.1132
    },
    {
      "actual": "DDoS_TCP",
      "predicted": "MITM",
      "count": 473,
      "rate": 0.1104
    },
    {
      "actual": "Vulnerability_scanner",
      "predicted": "MITM",
      "count": 471,
      "rate": 0.1099
    }
  ],
  "confusion_matrix": {
    "labels": [
      "Normal",
      "DDoS_UDP",
      "DDoS_ICMP",
      "DDoS_TCP",
      "DDoS_HTTP",
      "Password",
      "Vulnerability_scanner",
      "SQL_injection",
      "Uploading",
      "Backdoor",
      "Port_Scanning",
      "XSS",
      "Ransomware",
      "MITM",
      "OS_Fingerprinting"
    ],