{
  "round": 2,
  "num_samples": 120000,
  "accuracy": 0.5454666666666667,
  "loss": 0.024430908157428106,
  "class_distribution": {
    "Normal": 60010,
    "DDoS_UDP": 4285,
    "DDoS_ICMP": 4285,
    "DDoS_TCP": 4285,
    "DDoS_HTTP": 4285,
    "Password": 4285,
    "Vulnerability_scanner": 4285,
    "SQL_injection": 4285,
    "Uploading": 4285,
    "Backdoor": 4285,
    "Port_Scanning": 4285,
    "XSS": 4285,
    "Ransomware": 4285,
    "MITM": 4285,
    "OS_Fingerprinting": 4285
  },
  "inactive_classes": [],
  "summary_metrics": {
    "accuracy": 0.5454666666666667,
    "macro_avg": {
      "precision": 0.1199231988279505,
      "recall": 0.15139634383508363,
      "f1": 0.12228227388363083,
      "support": 120000
    },
    "weighted_avg": {
      "precision": 0.31946488394300054,
      "recall": 0.5454666666666667,
      "f1": 0.3949079864670114,
      "support": 120000
    }
  },
  "per_class_metrics": {
    "Normal": {
      "precision": 0.5496226553341149,
      "recall": 1.0,
      "f1": 0.7093632161896994,
      "support": 60010
    },
    "DDoS_UDP": {
      "precision": 0.0,
      "recall": 0.0,
      "f1": 0.0,
      "support": 4285
    },
    "DDoS_ICMP": {
      "precision": 0.0,
      "recall": 0.0,
      "f1": 0.0,
      "support": 4285
    },
    "DDoS_TCP": {
      "precision": 0.0,
      "recall": 0.0,
      "f1": 0.0,
      "support": 4285
    },
    "DDoS_HTTP": {
      "precision": 0.8293345405160706,
      "recall": 0.42753792298716453,
      "f1": 0.564213119802895,
      "support": 4285
    },
    "Password": {
      "precision": 0.4198907865690717,
      "recall": 0.8434072345390898,
      "f1": 0.5606577722618679,
      "support": 4285
    },
    "Vulnerability_scanner": {
      "precision": 0.0,
      "recall": 0.0,
      "f1": 0.0,
      "support": 4285
    },
    "SQL_injection": {
      "precision": 0.0,
      "recall": 0.0,
      "f1": 0.0,
      "support": 4285
    },
    "Uploading": {
      "precision": 0.0,
      "recall": 0.0,
      "f1": 0.0,
      "support": 4285
    },
    "Backdoor": {
      "precision": 0.0,
      "recall": 0.0,
      "f1": 0.0,
      "support": 4285
    },
    "Port_Scanning": {
      "precision": 0.0,
      "recall": 0.0,
      "f1": 0.0,
      "support": 4285
    },
    "XSS": {
      "precision": 0.0,
      "recall": 0.0,
      "f1": 0.0,
      "support": 4285
    },
    "Ransomware": {
      "precision": 0.0,
      "recall": 0.0,
      "f1": 0.0,
      "support": 4285
    },
    "MITM": {
      "precision": 0.0,
      "recall": 0.0,
      "f1": 0.0,
      "support": 4285
    },
    "OS_Fingerprinting": {
      "precision": 0.0,
      "recall": 0.0,
      "f1": 0.0,
      "support": 4285
    }
  },
  "top_attack_types": [
    {
      "attack": "Ransomware",
      "count": 4285
    },
    {
      "attack": "XSS",
      "count": 4285
    },
    {
      "attack": "DDoS_TCP",
      "count": 4285
    },
    {
      "attack": "Uploading",
      "count": 4285
    },
    {
      "attack": "Backdoor",
      "count": 4285
    },
    {
      "attack": "Vulnerability_scanner",
      "count": 4285
    },
    {
      "attack": "DDoS_HTTP",
      "count": 4285
    },
    {
      "attack": "DDoS_UDP",
      "count": 4285
    },
    {
      "attack": "DDoS_ICMP",
      "count": 4285
    },
    {
      "attack": "OS_Fingerprinting",
      "count": 4285
    },
    {
      "attack": "Password",
      "count": 4285
    },
    {
      "attack": "Port_Scanning",
      "count": 4285
    },
    {
      "attack": "MITM",
      "count": 4285
    },
    {
      "attack": "SQL_injection",
      "count": 4285
    }
  ],
  "top_confusions": [
    {
      "actual": "Ransomware",
      "predicted": "Normal",
      "count": 4285
    },
    {
      "actual": "DDoS_TCP",
      "predicted": "Normal",
      "count": 4285
    },
    {
      "actual": "Uploading",
      "predicted": "Normal",
      "count": 4285
    },
    {
      "actual": "Backdoor",
      "predicted": "Normal",
      "count": 4285
    },
    {
      "actual": "Vulnerability_scanner",
      "predicted": "Normal",
      "count": 4285
    },
    {
      "actual": "DDoS_UDP",
      "predicted": "Normal",
      "count": 4285
    },
    {
      "actual": "DDoS_ICMP",
      "predicted": "Normal",
      "count": 4285
    },
    {
      "actual": "OS_Fingerprinting",
      "predicted": "Normal",
      "count": 4285
    },
    {
      "actual": "Port_Scanning",
      "predicted": "Normal",
      "count": 4285
    },
    {
      "actual": "MITM",
      "predicted": "Normal",
      "count": 4285
    },
    {
      "actual": "SQL_injection",
      "predicted": "Normal",
      "count": 4285
    },
    {
      "actual": "XSS",
      "predicted": "Password",
      "count": 3440
    },
    {
      "actual": "DDoS_HTTP",
      "predicted": "Password",
      "count": 1553
    },
    {
      "actual": "DDoS_HTTP",
      "predicted": "Normal",
      "count": 900
    },
    {
      "actual": "Password",
      "predicted": "Normal",
      "count": 654
    },
    {
      "actual": "XSS",
      "predicted": "Normal",
      "count": 485
    },
    {
      "actual": "XSS",
      "predicted": "DDoS_HTTP",
      "count": 360
    },
    {
      "actual": "Password",
      "predicted": "DDoS_HTTP",
      "count": 17
    }
  ],
  "problematic_confusions": [
    {
      "actual": "Ransomware",
      "predicted": "Normal",
      "count": 4285,
      "rate": 1.0
    },
    {
      "actual": "DDoS_TCP",
      "predicted": "Normal",
      "count": 4285,
      "rate": 1.0
    },
    {
      "actual": "Uploading",
      "predicted": "Normal",
      "count": 4285,
      "rate": 1.0
    },
    {
      "actual": "Backdoor",
      "predicted": "Normal",
      "count": 4285,
      "rate": 1.0
    },
    {
      "actual": "Vulnerability_scanner",
      "predicted": "Normal",
      "count": 4285,
      "rate": 1.0
    },
    {
      "actual": "DDoS_UDP",
      "predicted": "Normal",
      "count": 4285,
      "rate": 1.0
    },
    {
      "actual": "DDoS_ICMP",
      "predicted": "Normal",
      "count": 4285,
      "rate": 1.0
    },
    {
      "actual": "OS_Fingerprinting",
      "predicted": "Normal",
      "count": 4285,
      "rate": 1.0
    },
    {
      "actual": "Port_Scanning",
      "predicted": "Normal",
      "count": 4285,
      "rate": 1.0
    },
    {
      "actual": "MITM",
      "predicted": "Normal",
      "count": 4285,
      "rate": 1.0
    },
    {
      "actual": "SQL_injection",
      "predicted": "Normal",
      "count": 4285,
      "rate": 1.0
    },
    {
      "actual": "XSS",
      "predicted": "Password",
      "count": 3440,
      "rate": 0.8028
    },
    {
      "actual": "DDoS_HTTP",
      "predicted": "Password",
      "count": 1553,
      "rate": 0.3624
    },
    {
      "actual": "DDoS_HTTP",
      "predicted": "Normal",
      "count": 900,
      "rate": 0.21
    },
    {
      "actual": "Password",
      "predicted": "Normal",
      "count": 654,
      "rate": 0.1526
    },
    {
      "actual": "XSS",
      "predicted": "Normal",
      "count": 485,
      "rate": 0.1132
    }
  ],
  "confusion_matrix": {
    "labels": [
      "Normal",
      "DDoS_UDP",
      "DDoS_ICMP",
      "DDoS_TCP",
      "DDoS_HTTP",
      "Password",
      "Vulnerability_scanner",
      "SQL_injection",
      "Uploading",
      "Backdoor",
      "Port_Scanning",
      "XSS",
      "Ransomware",
      "MITM",
      "OS_Fingerprinting"
    ],