{
  "round": 26,
  "num_samples": 120000,
  "accuracy": 0.7996833333333333,
  "loss": 0.007210238337020079,
  "class_distribution": {
    "Normal": 60010,
    "DDoS_UDP": 4285,
    "DDoS_ICMP": 4285,
    "DDoS_TCP": 4285,
    "DDoS_HTTP": 4285,
    "Password": 4285,
    "Vulnerability_scanner": 4285,
    "SQL_injection": 4285,
    "Uploading": 4285,
    "Backdoor": 4285,
    "Port_Scanning": 4285,
    "XSS": 4285,
    "Ransomware": 4285,
    "MITM": 4285,
    "OS_Fingerprinting": 4285
  },
  "inactive_classes": [],
  "summary_metrics": {
    "accuracy": 0.7996833333333333,
    "macro_avg": {
      "precision": 0.629200830262462,
      "recall": 0.626764480002717,
      "f1": 0.6164528138126709,
      "support": 120000
    },
    "weighted_avg": {
      "precision": 0.8013906947093309,
      "recall": 0.7996833333333333,
      "f1": 0.7943612555563208,
      "support": 120000
    }
  },
  "per_class_metrics": {
    "Normal": {
      "precision": 1.0,
      "recall": 0.9991334777537078,
      "f1": 0.999566551080288,
      "support": 60010
    },
    "DDoS_UDP": {
      "precision": 0.5719277810133955,
      "recall": 0.45834305717619606,
      "f1": 0.5088742065034331,
      "support": 4285
    },
    "DDoS_ICMP": {
      "precision": 0.413047068538398,
      "recall": 0.5836639439906651,
      "f1": 0.48375241779497097,
      "support": 4285
    },
    "DDoS_TCP": {
      "precision": 1.0,
      "recall": 0.9017502917152859,
      "f1": 0.9483372192907105,
      "support": 4285
    },
    "DDoS_HTTP": {
      "precision": 0.7704643370033509,
      "recall": 0.7512252042007002,
      "f1": 0.760723147819922,
      "support": 4285
    },
    "Password": {
      "precision": 0.5379939209726444,
      "recall": 0.3717619603267211,
      "f1": 0.43969086392492407,
      "support": 4285
    },
    "Vulnerability_scanner": {
      "precision": 1.0,
      "recall": 0.9075845974329055,
      "f1": 0.9515537068754588,
      "support": 4285
    },
    "SQL_injection": {
      "precision": 0.40049215625961243,
      "recall": 0.3038506417736289,
      "f1": 0.34554140127388533,
      "support": 4285
    },
    "Uploading": {
      "precision": 0.5124183006535947,
      "recall": 0.4574095682613769,
      "f1": 0.4833538840937115,
      "support": 4285
    },
    "Backdoor": {
      "precision": 0.5267482517482518,
      "recall": 0.7031505250875146,
      "f1": 0.6022988505747127,
      "support": 4285
    },
    "Port_Scanning": {
      "precision": 0.41927603819675774,
      "recall": 0.4406067677946324,
      "f1": 0.42967683204369594,
      "support": 4285
    },
    "XSS": {
      "precision": 0.4860796040420705,
      "recall": 0.5500583430571762,
      "f1": 0.5160937157871688,
      "support": 4285
    },
    "Ransomware": {
      "precision": 0.3223593964334705,
      "recall": 0.10968494749124855,
      "f1": 0.16367752045969006,
      "support": 4285
    },
    "MITM": {
      "precision": 0.47720559907538207,
      "recall": 0.8672112018669779,
      "f1": 0.6156394963552021,
      "support": 4285
    },
    "OS_Fingerprinting": {
      "precision": 1.0,
      "recall": 0.9960326721120186,
      "f1": 0.9980123933122881,
      "support": 4285
    }
  },
  "top_attack_types": [
    {
      "attack": "Ransomware",
      "count": 4285
    },
    {
      "attack": "XSS",
      "count": 4285
    },
    {
      "attack": "DDoS_TCP",
      "count": 4285
    },
    {
      "attack": "Uploading",
      "count": 4285
    },
    {
      "attack": "Backdoor",
      "count": 4285
    },
    {
      "attack": "Vulnerability_scanner",
      "count": 4285
    },
    {
      "attack": "DDoS_HTTP",
      "count": 4285
    },
    {
      "attack": "DDoS_UDP",
      "count": 4285
    },
    {
      "attack": "DDoS_ICMP",
      "count": 4285
    },
    {
      "attack": "OS_Fingerprinting",
      "count": 4285
    },
    {
      "attack": "Password",
      "count": 4285
    },
    {
      "attack": "Port_Scanning",
      "count": 4285
    },
    {
      "attack": "MITM",
      "count": 4285
    },
    {
      "attack": "SQL_injection",
      "count": 4285
    }
  ],
  "top_confusions": [
    {
      "actual": "Ransomware",
      "predicted": "Backdoor",
      "count": 2435
    },
    {
      "actual": "Password",
      "predicted": "XSS",
      "count": 2043
    },
    {
      "actual": "SQL_injection",
      "predicted": "DDoS_ICMP",
      "count": 2004
    },
    {
      "actual": "DDoS_UDP",
      "predicted": "Port_Scanning",
      "count": 1745
    },
    {
      "actual": "Uploading",
      "predicted": "DDoS_ICMP",
      "count": 1496
    },
    {
      "actual": "Port_Scanning",
      "predicted": "DDoS_UDP",
      "count": 1453
    },
    {
      "actual": "Ransomware",
      "predicted": "MITM",
      "count": 1223
    },
    {
      "actual": "XSS",
      "predicted": "Password",
      "count": 1207
    },
    {
      "actual": "DDoS_ICMP",
      "predicted": "SQL_injection",
      "count": 1033
    },
    {
      "actual": "SQL_injection",
      "predicted": "Uploading",
      "count": 979
    },
    {
      "actual": "Port_Scanning",
      "predicted": "MITM",
      "count": 944
    }
  ],
  "problematic_confusions": [
    {
      "actual": "Ransomware",
      "predicted": "Backdoor",
      "count": 2435,
      "rate": 0.5683
    },
    {
      "actual": "Password",
      "predicted": "XSS",
      "count": 2043,
      "rate": 0.4768
    },
    {
      "actual": "SQL_injection",
      "predicted": "DDoS_ICMP",
      "count": 2004,
      "rate": 0.4677
    },
    {
      "actual": "DDoS_UDP",
      "predicted": "Port_Scanning",
      "count": 1745,
      "rate": 0.4072
    },
    {
      "actual": "Uploading",
      "predicted": "DDoS_ICMP",
      "count": 1496,
      "rate": 0.3491
    },
    {
      "actual": "Port_Scanning",
      "predicted": "DDoS_UDP",
      "count": 1453,
      "rate": 0.3391
    },
    {
      "actual": "Ransomware",
      "predicted": "MITM",
      "count": 1223,
      "rate": 0.2854
    },
    {
      "actual": "XSS",
      "predicted": "Password",
      "count": 1207,
      "rate": 0.2817
    },
    {
      "actual": "DDoS_ICMP",
      "predicted": "SQL_injection",
      "count": 1033,
      "rate": 0.2411
    },
    {
      "actual": "SQL_injection",
      "predicted": "Uploading",
      "count": 979,
      "rate": 0.2285
    },
    {
      "actual": "Port_Scanning",
      "predicted": "MITM",
      "count": 944,
      "rate": 0.2203
    },
    {
      "actual": "Backdoor",
      "predicted": "Ransomware",
      "count": 873,
      "rate": 0.2037
    },
    {
      "actual": "Uploading",
      "predicted": "SQL_injection",
      "count": 829,
      "rate": 0.1935
    },
    {
      "actual": "XSS",
      "predicted": "DDoS_HTTP",
      "count": 721,
      "rate": 0.1683
    },
    {
      "actual": "DDoS_UDP",
      "predicted": "MITM",
      "count": 576,
      "rate": 0.1344
    },
    {
      "actual": "MITM",
      "predicted": "Port_Scanning",
      "count": 569,
      "rate": 0.1328
    },
    {
      "actual": "DDoS_ICMP",
      "predicted": "Uploading",
      "count": 554,
      "rate": 0.1293
    },
    {
      "actual": "DDoS_HTTP",
      "predicted": "XSS",
      "count": 449,
      "rate": 0.1048
    }
  ],
  "confusion_matrix": {
    "labels": [
      "Normal",
      "DDoS_UDP",
      "DDoS_ICMP",
      "DDoS_TCP",
      "DDoS_HTTP",
      "Password",
      "Vulnerability_scanner",
      "SQL_injection",
      "Uploading",
      "Backdoor",
      "Port_Scanning",
      "XSS",
      "Ransomware",
      "MITM",
      "OS_Fingerprinting"
    ],