{
  "round": 8,
  "num_samples": 120000,
  "accuracy": 0.7101,
  "loss": 0.013131073219080766,
  "class_distribution": {
    "Normal": 60010,
    "DDoS_UDP": 4285,
    "DDoS_ICMP": 4285,
    "DDoS_TCP": 4285,
    "DDoS_HTTP": 4285,
    "Password": 4285,
    "Vulnerability_scanner": 4285,
    "SQL_injection": 4285,
    "Uploading": 4285,
    "Backdoor": 4285,
    "Port_Scanning": 4285,
    "XSS": 4285,
    "Ransomware": 4285,
    "MITM": 4285,
    "OS_Fingerprinting": 4285
  },
  "inactive_classes": [],
  "summary_metrics": {
    "accuracy": 0.7101,
    "macro_avg": {
      "precision": 0.4333422117848477,
      "recall": 0.4594421466511707,
      "f1": 0.39712583571522825,
      "support": 120000
    },
    "weighted_avg": {
      "precision": 0.6646844317334831,
      "recall": 0.7101,
      "f1": 0.6604528356736864,
      "support": 120000
    }
  },
  "per_class_metrics": {
    "Normal": {
      "precision": 0.9315219586459741,
      "recall": 0.9992167972004666,
      "f1": 0.9641826323956231,
      "support": 60010
    },
    "DDoS_UDP": {
      "precision": 0.0,
      "recall": 0.0,
      "f1": 0.0,
      "support": 4285
    },
    "DDoS_ICMP": {
      "precision": 0.36664133738601823,
      "recall": 0.9008168028004667,
      "f1": 0.5211638425707149,
      "support": 4285
    },
    "DDoS_TCP": {
      "precision": 0.9059855844562833,
      "recall": 0.674679113185531,
      "f1": 0.7734082397003745,
      "support": 4285
    },
    "DDoS_HTTP": {
      "precision": 0.3340959159464498,
      "recall": 0.9201866977829638,
      "f1": 0.49020948592030833,
      "support": 4285
    },
    "Password": {
      "precision": 0.0,
      "recall": 0.0,
      "f1": 0.0,
      "support": 4285
    },
    "Vulnerability_scanner": {
      "precision": 1.0,
      "recall": 0.5757292882147025,
      "f1": 0.7307464454976303,
      "support": 4285
    },
    "SQL_injection": {
      "precision": 0.0,
      "recall": 0.0,
      "f1": 0.0,
      "support": 4285
    },
    "Uploading": {
      "precision": 0.49596367305751765,
      "recall": 0.2294049008168028,
      "f1": 0.3137067177277804,
      "support": 4285
    },
    "Backdoor": {
      "precision": 0.5304431865249206,
      "recall": 0.8966161026837807,
      "f1": 0.6665510062456628,
      "support": 4285
    },
    "Port_Scanning": {
      "precision": 0.18173632475425827,
      "recall": 0.5652275379229872,
      "f1": 0.27503974562798095,
      "support": 4285
    },
    "XSS": {
      "precision": 0.7609561752988048,
      "recall": 0.1337222870478413,
      "f1": 0.2274712187375943,
      "support": 4285
    },
    "Ransomware": {
      "precision": 0.0,
      "recall": 0.0,
      "f1": 0.0,
      "support": 4285
    },
    "MITM": {
      "precision": 0.0,
      "recall": 0.0,
      "f1": 0.0,
      "support": 4285
    },
    "OS_Fingerprinting": {
      "precision": 0.992789020702489,
      "recall": 0.9960326721120186,
      "f1": 0.994408201304753,
      "support": 4285
    }
  },
  "top_attack_types": [
    {
      "attack": "Ransomware",
      "count": 4285
    },
    {
      "attack": "XSS",
      "count": 4285
    },
    {
      "attack": "DDoS_TCP",
      "count": 4285
    },
    {
      "attack": "Uploading",
      "count": 4285
    },
    {
      "attack": "Backdoor",
      "count": 4285
    },
    {
      "attack": "Vulnerability_scanner",
      "count": 4285
    },
    {
      "attack": "DDoS_HTTP",
      "count": 4285
    },
    {
      "attack": "DDoS_UDP",
      "count": 4285
    },
    {
      "attack": "DDoS_ICMP",
      "count": 4285
    },
    {
      "attack": "OS_Fingerprinting",
      "count": 4285
    },
    {
      "attack": "Password",
      "count": 4285
    },
    {
      "attack": "Port_Scanning",
      "count": 4285
    },
    {
      "attack": "MITM",
      "count": 4285
    },
    {
      "attack": "SQL_injection",
      "count": 4285
    }
  ],
  "top_confusions": [
    {
      "actual": "MITM",
      "predicted": "Port_Scanning",
      "count": 4285
    },
    {
      "actual": "XSS",
      "predicted": "DDoS_HTTP",
      "count": 3712
    },
    {
      "actual": "Password",
      "predicted": "DDoS_HTTP",
      "count": 3595
    },
    {
      "actual": "SQL_injection",
      "predicted": "DDoS_ICMP",
      "count": 3474
    },
    {
      "actual": "Uploading",
      "predicted": "DDoS_ICMP",
      "count": 3121
    },
    {
      "actual": "Ransomware",
      "predicted": "Backdoor",
      "count": 2824
    },
    {
      "actual": "DDoS_UDP",
      "predicted": "Normal",
      "count": 2495
    },
    {
      "actual": "Port_Scanning",
      "predicted": "Normal",
      "count": 1863
    },
    {
      "actual": "DDoS_UDP",
      "predicted": "Port_Scanning",
      "count": 1790
    },
    {
      "actual": "Vulnerability_scanner",
      "predicted": "Port_Scanning",
      "count": 1518
    },
    {
      "actual": "Ransomware",
      "predicted": "Port_Scanning",
      "count": 1461
    },
    {
      "actual": "DDoS_TCP",
      "predicted": "Port_Scanning",
      "count": 1112
    },
    {
      "actual": "Backdoor",
      "predicted": "Port_Scanning",
      "count": 443
    },
    {
      "actual": "SQL_injection",
      "predicted": "Uploading",
      "count": 440
    },
    {
      "actual": "SQL_injection",
      "predicted": "DDoS_HTTP",
      "count": 371
    }
  ],
  "problematic_confusions": [
    {
      "actual": "MITM",
      "predicted": "Port_Scanning",
      "count": 4285,
      "rate": 1.0
    },
    {
      "actual": "XSS",
      "predicted": "DDoS_HTTP",
      "count": 3712,
      "rate": 0.8663
    },
    {
      "actual": "Password",
      "predicted": "DDoS_HTTP",
      "count": 3595,
      "rate": 0.839
    },
    {
      "actual": "SQL_injection",
      "predicted": "DDoS_ICMP",
      "count": 3474,
      "rate": 0.8107
    },
    {
      "actual": "Uploading",
      "predicted": "DDoS_ICMP",
      "count": 3121,
      "rate": 0.7284
    },
    {
      "actual": "Ransomware",
      "predicted": "Backdoor",
      "count": 2824,
      "rate": 0.659
    },
    {
      "actual": "DDoS_UDP",
      "predicted": "Normal",
      "count": 2495,
      "rate": 0.5823
    },
    {
      "actual": "Port_Scanning",
      "predicted": "Normal",
      "count": 1863,
      "rate": 0.4348
    },
    {
      "actual": "DDoS_UDP",
      "predicted": "Port_Scanning",
      "count": 1790,
      "rate": 0.4177
    },
    {
      "actual": "Vulnerability_scanner",
      "predicted": "Port_Scanning",
      "count": 1518,
      "rate": 0.3543
    },
    {
      "actual": "Ransomware",
      "predicted": "Port_Scanning",
      "count": 1461,
      "rate": 0.341
    },
    {
      "actual": "DDoS_TCP",
      "predicted": "Port_Scanning",
      "count": 1112,
      "rate": 0.2595
    },
    {
      "actual": "Backdoor",
      "predicted": "Port_Scanning",
      "count": 443,
      "rate": 0.1034
    },
    {
      "actual": "SQL_injection",
      "predicted": "Uploading",
      "count": 440,
      "rate": 0.1027
    }
  ],
  "confusion_matrix": {
    "labels": [
      "Normal",
      "DDoS_UDP",
      "DDoS_ICMP",
      "DDoS_TCP",
      "DDoS_HTTP",
      "Password",
      "Vulnerability_scanner",
      "SQL_injection",
      "Uploading",
      "Backdoor",
      "Port_Scanning",
      "XSS",
      "Ransomware",
      "MITM",
      "OS_Fingerprinting"
    ],