{
  "round": 34,
  "num_samples": 120000,
  "accuracy": 0.8018833333333333,
  "loss": 0.006748193864027659,
  "class_distribution": {
    "Normal": 60010,
    "DDoS_UDP": 4285,
    "DDoS_ICMP": 4285,
    "DDoS_TCP": 4285,
    "DDoS_HTTP": 4285,
    "Password": 4285,
    "Vulnerability_scanner": 4285,
    "SQL_injection": 4285,
    "Uploading": 4285,
    "Backdoor": 4285,
    "Port_Scanning": 4285,
    "XSS": 4285,
    "Ransomware": 4285,
    "MITM": 4285,
    "OS_Fingerprinting": 4285
  },
  "inactive_classes": [],
  "summary_metrics": {
    "accuracy": 0.8018833333333333,
    "macro_avg": {
      "precision": 0.6303563198819856,
      "recall": 0.6308718312279212,
      "f1": 0.6206293103532441,
      "support": 120000
    },
    "weighted_avg": {
      "precision": 0.8020096038367888,
      "recall": 0.8018833333333333,
      "f1": 0.7965982915158653,
      "support": 120000
    }
  },
  "per_class_metrics": {
    "Normal": {
      "precision": 1.0,
      "recall": 0.9991334777537078,
      "f1": 0.999566551080288,
      "support": 60010
    },
    "DDoS_UDP": {
      "precision": 0.5743527995183624,
      "recall": 0.4452742123687281,
      "f1": 0.5016432233469174,
      "support": 4285
    },
    "DDoS_ICMP": {
      "precision": 0.41268382352941174,
      "recall": 0.5239206534422404,
      "f1": 0.4616966580976864,
      "support": 4285
    },
    "DDoS_TCP": {
      "precision": 1.0,
      "recall": 0.9190198366394399,
      "f1": 0.9578012890672504,
      "support": 4285
    },
    "DDoS_HTTP": {
      "precision": 0.7700956937799043,
      "recall": 0.7512252042007002,
      "f1": 0.7605434140578854,
      "support": 4285
    },
    "Password": {
      "precision": 0.5206574855619724,
      "recall": 0.547024504084014,
      "f1": 0.533515420507568,
      "support": 4285
    },
    "Vulnerability_scanner": {
      "precision": 1.0,
      "recall": 0.9253208868144691,
      "f1": 0.9612121212121212,
      "support": 4285
    },
    "SQL_injection": {
      "precision": 0.4132730015082956,
      "recall": 0.31971995332555425,
      "f1": 0.3605263157894737,
      "support": 4285
    },
    "Uploading": {
      "precision": 0.4892595978062157,
      "recall": 0.4996499416569428,
      "f1": 0.49440018473617364,
      "support": 4285
    },
    "Backdoor": {
      "precision": 0.5264444056554373,
      "recall": 0.703850641773629,
      "f1": 0.6023567006191333,
      "support": 4285
    },
    "Port_Scanning": {
      "precision": 0.4191757420456972,
      "recall": 0.45810968494749127,
      "f1": 0.43777876895628903,
      "support": 4285
    },
    "XSS": {
      "precision": 0.5158850226928896,
      "recall": 0.39789964994165694,
      "f1": 0.4492753623188406,
      "support": 4285
    },
    "Ransomware": {
      "precision": 0.3219178082191781,
      "recall": 0.10968494749124855,
      "f1": 0.16362053959965187,
      "support": 4285
    },
    "MITM": {
      "precision": 0.4915994179124223,
      "recall": 0.8672112018669779,
      "f1": 0.6274907125970955,
      "support": 4285
    },
    "OS_Fingerprinting": {
      "precision": 1.0,
      "recall": 0.9960326721120186,
      "f1": 0.9980123933122881,
      "support": 4285
    }
  },
  "top_attack_types": [
    {
      "attack": "Ransomware",
      "count": 4285
    },
    {
      "attack": "XSS",
      "count": 4285
    },
    {
      "attack": "DDoS_TCP",
      "count": 4285
    },
    {
      "attack": "Uploading",
      "count": 4285
    },
    {
      "attack": "Backdoor",
      "count": 4285
    },
    {
      "attack": "Vulnerability_scanner",
      "count": 4285
    },
    {
      "attack": "DDoS_HTTP",
      "count": 4285
    },
    {
      "attack": "DDoS_UDP",
      "count": 4285
    },
    {
      "attack": "DDoS_ICMP",
      "count": 4285
    },
    {
      "attack": "OS_Fingerprinting",
      "count": 4285
    },
    {
      "attack": "Password",
      "count": 4285
    },
    {
      "attack": "Port_Scanning",
      "count": 4285
    },
    {
      "attack": "MITM",
      "count": 4285
    },
    {
      "attack": "SQL_injection",
      "count": 4285
    }
  ],
  "top_confusions": [
    {
      "actual": "Ransomware",
      "predicted": "Backdoor",
      "count": 2441
    },
    {
      "actual": "XSS",
      "predicted": "Password",
      "count": 1859
    },
    {
      "actual": "DDoS_UDP",
      "predicted": "Port_Scanning",
      "count": 1844
    },
    {
      "actual": "SQL_injection",
      "predicted": "DDoS_ICMP",
      "count": 1797
    },
    {
      "actual": "Port_Scanning",
      "predicted": "DDoS_UDP",
      "count": 1414
    },
    {
      "actual": "Uploading",
      "predicted": "DDoS_ICMP",
      "count": 1347
    },
    {
      "actual": "Password",
      "predicted": "XSS",
      "count": 1289
    },
    {
      "actual": "Ransomware",
      "predicted": "MITM",
      "count": 1223
    },
    {
      "actual": "SQL_injection",
      "predicted": "Uploading",
      "count": 1118
    },
    {
      "actual": "DDoS_ICMP",
      "predicted": "Uploading",
      "count": 1049
    },
    {
      "actual": "Port_Scanning",
      "predicted": "MITM",
      "count": 908
    }
  ],
  "problematic_confusions": [
    {
      "actual": "Ransomware",
      "predicted": "Backdoor",
      "count": 2441,
      "rate": 0.5697
    },
    {
      "actual": "XSS",
      "predicted": "Password",
      "count": 1859,
      "rate": 0.4338
    },
    {
      "actual": "DDoS_UDP",
      "predicted": "Port_Scanning",
      "count": 1844,
      "rate": 0.4303
    },
    {
      "actual": "SQL_injection",
      "predicted": "DDoS_ICMP",
      "count": 1797,
      "rate": 0.4194
    },
    {
      "actual": "Port_Scanning",
      "predicted": "DDoS_UDP",
      "count": 1414,
      "rate": 0.33
    },
    {
      "actual": "Uploading",
      "predicted": "DDoS_ICMP",
      "count": 1347,
      "rate": 0.3144
    },
    {
      "actual": "Password",
      "predicted": "XSS",
      "count": 1289,
      "rate": 0.3008
    },
    {
      "actual": "Ransomware",
      "predicted": "MITM",
      "count": 1223,
      "rate": 0.2854
    },
    {
      "actual": "SQL_injection",
      "predicted": "Uploading",
      "count": 1118,
      "rate": 0.2609
    },
    {
      "actual": "DDoS_ICMP",
      "predicted": "Uploading",
      "count": 1049,
      "rate": 0.2448
    },
    {
      "actual": "Port_Scanning",
      "predicted": "MITM",
      "count": 908,
      "rate": 0.2119
    },
    {
      "actual": "Backdoor",
      "predicted": "Ransomware",
      "count": 873,
      "rate": 0.2037
    },
    {
      "actual": "Uploading",
      "predicted": "SQL_injection",
      "count": 797,
      "rate": 0.186
    },
    {
      "actual": "DDoS_ICMP",
      "predicted": "SQL_injection",
      "count": 794,
      "rate": 0.1853
    },
    {
      "actual": "XSS",
      "predicted": "DDoS_HTTP",
      "count": 721,
      "rate": 0.1683
    },
    {
      "actual": "MITM",
      "predicted": "Port_Scanning",
      "count": 569,
      "rate": 0.1328
    },
    {
      "actual": "DDoS_UDP",
      "predicted": "MITM",
      "count": 533,
      "rate": 0.1244
    }
  ],
  "confusion_matrix": {
    "labels": [
      "Normal",
      "DDoS_UDP",
      "DDoS_ICMP",
      "DDoS_TCP",
      "DDoS_HTTP",
      "Password",
      "Vulnerability_scanner",
      "SQL_injection",
      "Uploading",
      "Backdoor",
      "Port_Scanning",
      "XSS",
      "Ransomware",
      "MITM",
      "OS_Fingerprinting"
    ],