{
  "round": 29,
  "num_samples": 120000,
  "accuracy": 0.796425,
  "loss": 0.006980396018425624,
  "class_distribution": {
    "Normal": 60010,
    "DDoS_UDP": 4285,
    "DDoS_ICMP": 4285,
    "DDoS_TCP": 4285,
    "DDoS_HTTP": 4285,
    "Password": 4285,
    "Vulnerability_scanner": 4285,
    "SQL_injection": 4285,
    "Uploading": 4285,
    "Backdoor": 4285,
    "Port_Scanning": 4285,
    "XSS": 4285,
    "Ransomware": 4285,
    "MITM": 4285,
    "OS_Fingerprinting": 4285
  },
  "inactive_classes": [],
  "summary_metrics": {
    "accuracy": 0.796425,
    "macro_avg": {
      "precision": 0.6261653194160803,
      "recall": 0.6206812439078123,
      "f1": 0.6095118982818454,
      "support": 120000
    },
    "weighted_avg": {
      "precision": 0.799764799212238,
      "recall": 0.796425,
      "f1": 0.790643527675122,
      "support": 120000
    }
  },
  "per_class_metrics": {
    "Normal": {
      "precision": 1.0,
      "recall": 0.9991334777537078,
      "f1": 0.999566551080288,
      "support": 60010
    },
    "DDoS_UDP": {
      "precision": 0.5714285714285714,
      "recall": 0.31085180863477246,
      "f1": 0.4026602176541717,
      "support": 4285
    },
    "DDoS_ICMP": {
      "precision": 0.41311357936223575,
      "recall": 0.5381563593932323,
      "f1": 0.4674166413296848,
      "support": 4285
    },
    "DDoS_TCP": {
      "precision": 1.0,
      "recall": 0.9015169194865811,
      "f1": 0.948208149239077,
      "support": 4285
    },
    "DDoS_HTTP": {
      "precision": 0.7700764818355641,
      "recall": 0.7519253208868145,
      "f1": 0.7608926673751328,
      "support": 4285
    },
    "Password": {
      "precision": 0.5288330144848319,
      "recall": 0.4515752625437573,
      "f1": 0.4871601208459215,
      "support": 4285
    },
    "Vulnerability_scanner": {
      "precision": 1.0,
      "recall": 0.8807467911318553,
      "f1": 0.9365926293584812,
      "support": 4285
    },
    "SQL_injection": {
      "precision": 0.4193302891933029,
      "recall": 0.2571761960326721,
      "f1": 0.3188196152177058,
      "support": 4285
    },
    "Uploading": {
      "precision": 0.4613664091093941,
      "recall": 0.5295215869311551,
      "f1": 0.49310007606215367,
      "support": 4285
    },
    "Backdoor": {
      "precision": 0.5309515387336399,
      "recall": 0.700583430571762,
      "f1": 0.6040849179997988,
      "support": 4285
    },
    "Port_Scanning": {
      "precision": 0.41778185151237396,
      "recall": 0.531855309218203,
      "f1": 0.46796714579055443,
      "support": 4285
    },
    "XSS": {
      "precision": 0.4951807228915663,
      "recall": 0.4795799299883314,
      "f1": 0.4872554831061055,
      "support": 4285
    },
    "Ransomware": {
      "precision": 0.3234323432343234,
      "recall": 0.11435239206534423,
      "f1": 0.16896551724137931,
      "support": 4285
    },
    "MITM": {
      "precision": 0.46098498945540256,
      "recall": 0.8672112018669779,
      "f1": 0.601976348614936,
      "support": 4285
    },
    "OS_Fingerprinting": {
      "precision": 1.0,
      "recall": 0.9960326721120186,
      "f1": 0.9980123933122881,
      "support": 4285
    }
  },
  "top_attack_types": [
    {
      "attack": "Ransomware",
      "count": 4285
    },
    {
      "attack": "XSS",
      "count": 4285
    },
    {
      "attack": "DDoS_TCP",
      "count": 4285
    },
    {
      "attack": "Uploading",
      "count": 4285
    },
    {
      "attack": "Backdoor",
      "count": 4285
    },
    {
      "attack": "Vulnerability_scanner",
      "count": 4285
    },
    {
      "attack": "DDoS_HTTP",
      "count": 4285
    },
    {
      "attack": "DDoS_UDP",
      "count": 4285
    },
    {
      "attack": "DDoS_ICMP",
      "count": 4285
    },
    {
      "attack": "OS_Fingerprinting",
      "count": 4285
    },
    {
      "attack": "Password",
      "count": 4285
    },
    {
      "attack": "Port_Scanning",
      "count": 4285
    },
    {
      "attack": "MITM",
      "count": 4285
    },
    {
      "attack": "SQL_injection",
      "count": 4285
    }
  ],
  "top_confusions": [
    {
      "actual": "Ransomware",
      "predicted": "Backdoor",
      "count": 2418
    },
    {
      "actual": "DDoS_UDP",
      "predicted": "Port_Scanning",
      "count": 2295
    },
    {
      "actual": "SQL_injection",
      "predicted": "DDoS_ICMP",
      "count": 1842
    },
    {
      "actual": "Password",
      "predicted": "XSS",
      "count": 1700
    },
    {
      "actual": "XSS",
      "predicted": "Password",
      "count": 1509
    },
    {
      "actual": "Uploading",
      "predicted": "DDoS_ICMP",
      "count": 1382
    },
    {
      "actual": "SQL_injection",
      "predicted": "Uploading",
      "count": 1341
    },
    {
      "actual": "Ransomware",
      "predicted": "MITM",
      "count": 1223
    },
    {
      "actual": "DDoS_ICMP",
      "predicted": "Uploading",
      "count": 1011
    },
    {
      "actual": "Port_Scanning",
      "predicted": "MITM",
      "count": 1007
    },
    {
      "actual": "Port_Scanning",
      "predicted": "DDoS_UDP",
      "count": 999
    }
  ],
  "problematic_confusions": [
    {
      "actual": "Ransomware",
      "predicted": "Backdoor",
      "count": 2418,
      "rate": 0.5643
    },
    {
      "actual": "DDoS_UDP",
      "predicted": "Port_Scanning",
      "count": 2295,
      "rate": 0.5356
    },
    {
      "actual": "SQL_injection",
      "predicted": "DDoS_ICMP",
      "count": 1842,
      "rate": 0.4299
    },
    {
      "actual": "Password",
      "predicted": "XSS",
      "count": 1700,
      "rate": 0.3967
    },
    {
      "actual": "XSS",
      "predicted": "Password",
      "count": 1509,
      "rate": 0.3522
    },
    {
      "actual": "Uploading",
      "predicted": "DDoS_ICMP",
      "count": 1382,
      "rate": 0.3225
    },
    {
      "actual": "SQL_injection",
      "predicted": "Uploading",
      "count": 1341,
      "rate": 0.313
    },
    {
      "actual": "Ransomware",
      "predicted": "MITM",
      "count": 1223,
      "rate": 0.2854
    },
    {
      "actual": "DDoS_ICMP",
      "predicted": "Uploading",
      "count": 1011,
      "rate": 0.2359
    },
    {
      "actual": "Port_Scanning",
      "predicted": "MITM",
      "count": 1007,
      "rate": 0.235
    },
    {
      "actual": "Port_Scanning",
      "predicted": "DDoS_UDP",
      "count": 999,
      "rate": 0.2331
    },
    {
      "actual": "Backdoor",
      "predicted": "Ransomware",
      "count": 884,
      "rate": 0.2063
    },
    {
      "actual": "DDoS_ICMP",
      "predicted": "SQL_injection",
      "count": 771,
      "rate": 0.1799
    },
    {
      "actual": "XSS",
      "predicted": "DDoS_HTTP",
      "count": 721,
      "rate": 0.1683
    },
    {
      "actual": "DDoS_UDP",
      "predicted": "MITM",
      "count": 658,
      "rate": 0.1536
    },
    {
      "actual": "Uploading",
      "predicted": "SQL_injection",
      "count": 634,
      "rate": 0.148
    },
    {
      "actual": "MITM",
      "predicted": "Port_Scanning",
      "count": 569,
      "rate": 0.1328
    },
    {
      "actual": "Vulnerability_scanner",
      "predicted": "MITM",
      "count": 511,
      "rate": 0.1193
    }
  ],
  "confusion_matrix": {
    "labels": [
      "Normal",
      "DDoS_UDP",
      "DDoS_ICMP",
      "DDoS_TCP",
      "DDoS_HTTP",
      "Password",
      "Vulnerability_scanner",
      "SQL_injection",
      "Uploading",
      "Backdoor",
      "Port_Scanning",
      "XSS",
      "Ransomware",
      "MITM",
      "OS_Fingerprinting"
    ],