{
  "round": 14,
  "num_samples": 120000,
  "accuracy": 0.77375,
  "loss": 0.009823759543895721,
  "class_distribution": {
    "Normal": 60010,
    "DDoS_UDP": 4285,
    "DDoS_ICMP": 4285,
    "DDoS_TCP": 4285,
    "DDoS_HTTP": 4285,
    "Password": 4285,
    "Vulnerability_scanner": 4285,
    "SQL_injection": 4285,
    "Uploading": 4285,
    "Backdoor": 4285,
    "Port_Scanning": 4285,
    "XSS": 4285,
    "Ransomware": 4285,
    "MITM": 4285,
    "OS_Fingerprinting": 4285
  },
  "inactive_classes": [],
  "summary_metrics": {
    "accuracy": 0.77375,
    "macro_avg": {
      "precision": 0.610178474902155,
      "recall": 0.5783475216207645,
      "f1": 0.547561673444497,
      "support": 120000
    },
    "weighted_avg": {
      "precision": 0.7786841664133778,
      "recall": 0.77375,
      "f1": 0.7511225510257077,
      "support": 120000
    }
  },
  "per_class_metrics": {
    "Normal": {
      "precision": 0.9730440286275337,
      "recall": 0.9991334777537078,
      "f1": 0.9859161877512764,
      "support": 60010
    },
    "DDoS_UDP": {
      "precision": 0.44201170604812484,
      "recall": 0.47584597432905484,
      "f1": 0.45830523713193977,
      "support": 4285
    },
    "DDoS_ICMP": {
      "precision": 0.3932502721664449,
      "recall": 0.7586931155192532,
      "f1": 0.5180050987890376,
      "support": 4285
    },
    "DDoS_TCP": {
      "precision": 1.0,
      "recall": 0.562193698949825,
      "f1": 0.7197490289811772,
      "support": 4285
    },
    "DDoS_HTTP": {
      "precision": 0.7683158896289248,
      "recall": 0.7537922987164527,
      "f1": 0.7609848038638237,
      "support": 4285
    },
    "Password": {
      "precision": 0.4807856532877882,
      "recall": 0.13138856476079347,
      "f1": 0.20637829912023462,
      "support": 4285
    },
    "Vulnerability_scanner": {
      "precision": 0.7346052134491877,
      "recall": 0.9075845974329055,
      "f1": 0.8119845495354421,
      "support": 4285
    },
    "SQL_injection": {
      "precision": 0.25920994229915667,
      "recall": 0.13628938156359394,
      "f1": 0.1786479045579688,
      "support": 4285
    },
    "Uploading": {
      "precision": 0.41452991452991456,
      "recall": 0.2716452742123687,
      "f1": 0.32821091216692516,
      "support": 4285
    },
    "Backdoor": {
      "precision": 0.5936630602782071,
      "recall": 0.8963827304550759,
      "f1": 0.7142724314272432,
      "support": 4285
    },
    "Port_Scanning": {
      "precision": 0.3775178687459389,
      "recall": 0.13558926487747958,
      "f1": 0.19951923076923078,
      "support": 4285
    },
    "XSS": {
      "precision": 0.45017932324964915,
      "recall": 0.6737456242707118,
      "f1": 0.5397270517853805,
      "support": 4285
    },
    "Ransomware": {
      "precision": 0.8061749571183533,
      "recall": 0.10968494749124855,
      "f1": 0.19309778142974526,
      "support": 4285
    },
    "MITM": {
      "precision": 0.459389294103103,
      "recall": 0.8672112018669779,
      "f1": 0.6006141910457411,
      "support": 4285
    },
    "OS_Fingerprinting": {
      "precision": 1.0,
      "recall": 0.9960326721120186,
      "f1": 0.9980123933122881,
      "support": 4285
    }
  },
  "top_attack_types": [
    {
      "attack": "Ransomware",
      "count": 4285
    },
    {
      "attack": "XSS",
      "count": 4285
    },
    {
      "attack": "DDoS_TCP",
      "count": 4285
    },
    {
      "attack": "Uploading",
      "count": 4285
    },
    {
      "attack": "Backdoor",
      "count": 4285
    },
    {
      "attack": "Vulnerability_scanner",
      "count": 4285
    },
    {
      "attack": "DDoS_HTTP",
      "count": 4285
    },
    {
      "attack": "DDoS_UDP",
      "count": 4285
    },
    {
      "attack": "DDoS_ICMP",
      "count": 4285
    },
    {
      "attack": "OS_Fingerprinting",
      "count": 4285
    },
    {
      "attack": "Password",
      "count": 4285
    },
    {
      "attack": "Port_Scanning",
      "count": 4285
    },
    {
      "attack": "MITM",
      "count": 4285
    },
    {
      "attack": "SQL_injection",
      "count": 4285
    }
  ],
  "top_confusions": [
    {
      "actual": "Password",
      "predicted": "XSS",
      "count": 3043
    },
    {
      "actual": "SQL_injection",
      "predicted": "DDoS_ICMP",
      "count": 2887
    },
    {
      "actual": "Ransomware",
      "predicted": "Backdoor",
      "count": 2354
    },
    {
      "actual": "Uploading",
      "predicted": "DDoS_ICMP",
      "count": 2063
    },
    {
      "actual": "Port_Scanning",
      "predicted": "DDoS_UDP",
      "count": 1946
    },
    {
      "actual": "DDoS_TCP",
      "predicted": "Vulnerability_scanner",
      "count": 1405
    },
    {
      "actual": "Ransomware",
      "predicted": "MITM",
      "count": 1223
    },
    {
      "actual": "Uploading",
      "predicted": "SQL_injection",
      "count": 1058
    },
    {
      "actual": "Port_Scanning",
      "predicted": "MITM",
      "count": 1052
    },
    {
      "actual": "DDoS_UDP",
      "predicted": "Normal",
      "count": 955
    },
    {
      "actual": "XSS",
      "predicted": "DDoS_HTTP",
      "count": 906
    },
    {
      "actual": "SQL_injection",
      "predicted": "Uploading",
      "count": 814
    },
    {
      "actual": "DDoS_UDP",
      "predicted": "MITM",
      "count": 722
    },
    {
      "actual": "Port_Scanning",
      "predicted": "Normal",
      "count": 706
    }
  ],
  "problematic_confusions": [
    {
      "actual": "Password",
      "predicted": "XSS",
      "count": 3043,
      "rate": 0.7102
    },
    {
      "actual": "SQL_injection",
      "predicted": "DDoS_ICMP",
      "count": 2887,
      "rate": 0.6737
    },
    {
      "actual": "Ransomware",
      "predicted": "Backdoor",
      "count": 2354,
      "rate": 0.5494
    },
    {
      "actual": "Uploading",
      "predicted": "DDoS_ICMP",
      "count": 2063,
      "rate": 0.4814
    },
    {
      "actual": "Port_Scanning",
      "predicted": "DDoS_UDP",
      "count": 1946,
      "rate": 0.4541
    },
    {
      "actual": "DDoS_TCP",
      "predicted": "Vulnerability_scanner",
      "count": 1405,
      "rate": 0.3279
    },
    {
      "actual": "Ransomware",
      "predicted": "MITM",
      "count": 1223,
      "rate": 0.2854
    },
    {
      "actual": "Uploading",
      "predicted": "SQL_injection",
      "count": 1058,
      "rate": 0.2469
    },
    {
      "actual": "Port_Scanning",
      "predicted": "MITM",
      "count": 1052,
      "rate": 0.2455
    },
    {
      "actual": "DDoS_UDP",
      "predicted": "Normal",
      "count": 955,
      "rate": 0.2229
    },
    {
      "actual": "XSS",
      "predicted": "DDoS_HTTP",
      "count": 906,
      "rate": 0.2114
    },
    {
      "actual": "SQL_injection",
      "predicted": "Uploading",
      "count": 814,
      "rate": 0.19
    },
    {
      "actual": "DDoS_UDP",
      "predicted": "MITM",
      "count": 722,
      "rate": 0.1685
    },
    {
      "actual": "Port_Scanning",
      "predicted": "Normal",
      "count": 706,
      "rate": 0.1648
    },
    {
      "actual": "DDoS_ICMP",
      "predicted": "SQL_injection",
      "count": 603,
      "rate": 0.1407
    },
    {
      "actual": "DDoS_UDP",
      "predicted": "Port_Scanning",
      "count": 569,
      "rate": 0.1328
    },
    {
      "actual": "XSS",
      "predicted": "Password",
      "count": 492,
      "rate": 0.1148
    },
    {
      "actual": "DDoS_HTTP",
      "predicted": "XSS",
      "count": 483,
      "rate": 0.1127
    },
    {
      "actual": "DDoS_TCP",
      "predicted": "MITM",
      "count": 471,
      "rate": 0.1099
    },
    {
      "actual": "MITM",
      "predicted": "DDoS_UDP",
      "count": 453,
      "rate": 0.1057
    },
    {
      "actual": "DDoS_ICMP",
      "predicted": "Uploading",
      "count": 431,
      "rate": 0.1006
    }
  ],