{
  "round": 32,
  "num_samples": 120000,
  "accuracy": 0.8014583333333334,
  "loss": 0.006835833301519354,
  "class_distribution": {
    "Normal": 60010,
    "DDoS_UDP": 4285,
    "DDoS_ICMP": 4285,
    "DDoS_TCP": 4285,
    "DDoS_HTTP": 4285,
    "Password": 4285,
    "Vulnerability_scanner": 4285,
    "SQL_injection": 4285,
    "Uploading": 4285,
    "Backdoor": 4285,
    "Port_Scanning": 4285,
    "XSS": 4285,
    "Ransomware": 4285,
    "MITM": 4285,
    "OS_Fingerprinting": 4285
  },
  "inactive_classes": [],
  "summary_metrics": {
    "accuracy": 0.8014583333333334,
    "macro_avg": {
      "precision": 0.6313626312185796,
      "recall": 0.630078365650325,
      "f1": 0.6194195197880253,
      "support": 120000
    },
    "weighted_avg": {
      "precision": 0.8025486093464519,
      "recall": 0.8014583333333334,
      "f1": 0.7959502974443696,
      "support": 120000
    }
  },
  "per_class_metrics": {
    "Normal": {
      "precision": 1.0,
      "recall": 0.9991334777537078,
      "f1": 0.999566551080288,
      "support": 60010
    },
    "DDoS_UDP": {
      "precision": 0.5346093923881594,
      "recall": 0.5605600933488915,
      "f1": 0.5472772841193894,
      "support": 4285
    },
    "DDoS_ICMP": {
      "precision": 0.4081880212282032,
      "recall": 0.6282380396732788,
      "f1": 0.4948529411764706,
      "support": 4285
    },
    "DDoS_TCP": {
      "precision": 1.0,
      "recall": 0.9143523920653442,
      "f1": 0.9552602706326954,
      "support": 4285
    },
    "DDoS_HTTP": {
      "precision": 0.7700764818355641,
      "recall": 0.7519253208868145,
      "f1": 0.7608926673751328,
      "support": 4285
    },
    "Password": {
      "precision": 0.5244492208490059,
      "recall": 0.4555425904317386,
      "f1": 0.4875733732983639,
      "support": 4285
    },
    "Vulnerability_scanner": {
      "precision": 1.0,
      "recall": 0.9005834305717619,
      "f1": 0.9476915520628684,
      "support": 4285
    },
    "SQL_injection": {
      "precision": 0.4130499850344208,
      "recall": 0.3220536756126021,
      "f1": 0.3619197482297404,
      "support": 4285
    },
    "Uploading": {
      "precision": 0.5714285714285714,
      "recall": 0.42567094515752624,
      "f1": 0.48789621505951586,
      "support": 4285
    },
    "Backdoor": {
      "precision": 0.5281628355851904,
      "recall": 0.7024504084014003,
      "f1": 0.6029647435897436,
      "support": 4285
    },
    "Port_Scanning": {
      "precision": 0.4224629418472064,
      "recall": 0.3458576429404901,
      "f1": 0.3803413319645836,
      "support": 4285
    },
    "XSS": {
      "precision": 0.4935128518971848,
      "recall": 0.4704784130688448,
      "f1": 0.4817204301075269,
      "support": 4285
    },
    "Ransomware": {
      "precision": 0.3218390804597701,
      "recall": 0.11108518086347724,
      "f1": 0.16516308119361556,
      "support": 4285
    },
    "MITM": {
      "precision": 0.4826600857254189,
      "recall": 0.8672112018669779,
      "f1": 0.6201602136181575,
      "support": 4285
    },
    "OS_Fingerprinting": {
      "precision": 1.0,
      "recall": 0.9960326721120186,
      "f1": 0.9980123933122881,
      "support": 4285
    }
  },
  "top_attack_types": [
    {
      "attack": "Ransomware",
      "count": 4285
    },
    {
      "attack": "XSS",
      "count": 4285
    },
    {
      "attack": "DDoS_TCP",
      "count": 4285
    },
    {
      "attack": "Uploading",
      "count": 4285
    },
    {
      "attack": "Backdoor",
      "count": 4285
    },
    {
      "attack": "Vulnerability_scanner",
      "count": 4285
    },
    {
      "attack": "DDoS_HTTP",
      "count": 4285
    },
    {
      "attack": "DDoS_UDP",
      "count": 4285
    },
    {
      "attack": "DDoS_ICMP",
      "count": 4285
    },
    {
      "attack": "OS_Fingerprinting",
      "count": 4285
    },
    {
      "attack": "Password",
      "count": 4285
    },
    {
      "attack": "Port_Scanning",
      "count": 4285
    },
    {
      "attack": "MITM",
      "count": 4285
    },
    {
      "attack": "SQL_injection",
      "count": 4285
    }
  ],
  "top_confusions": [
    {
      "actual": "Ransomware",
      "predicted": "Backdoor",
      "count": 2430
    },
    {
      "actual": "SQL_injection",
      "predicted": "DDoS_ICMP",
      "count": 2190
    },
    {
      "actual": "Port_Scanning",
      "predicted": "DDoS_UDP",
      "count": 1888
    },
    {
      "actual": "Password",
      "predicted": "XSS",
      "count": 1681
    },
    {
      "actual": "Uploading",
      "predicted": "DDoS_ICMP",
      "count": 1656
    },
    {
      "actual": "XSS",
      "predicted": "Password",
      "count": 1548
    },
    {
      "actual": "DDoS_UDP",
      "predicted": "Port_Scanning",
      "count": 1345
    },
    {
      "actual": "Ransomware",
      "predicted": "MITM",
      "count": 1223
    },
    {
      "actual": "Port_Scanning",
      "predicted": "MITM",
      "count": 915
    },
    {
      "actual": "Backdoor",
      "predicted": "Ransomware",
      "count": 876
    },
    {
      "actual": "Uploading",
      "predicted": "SQL_injection",
      "count": 805
    }
  ],
  "problematic_confusions": [
    {
      "actual": "Ransomware",
      "predicted": "Backdoor",
      "count": 2430,
      "rate": 0.5671
    },
    {
      "actual": "SQL_injection",
      "predicted": "DDoS_ICMP",
      "count": 2190,
      "rate": 0.5111
    },
    {
      "actual": "Port_Scanning",
      "predicted": "DDoS_UDP",
      "count": 1888,
      "rate": 0.4406
    },
    {
      "actual": "Password",
      "predicted": "XSS",
      "count": 1681,
      "rate": 0.3923
    },
    {
      "actual": "Uploading",
      "predicted": "DDoS_ICMP",
      "count": 1656,
      "rate": 0.3865
    },
    {
      "actual": "XSS",
      "predicted": "Password",
      "count": 1548,
      "rate": 0.3613
    },
    {
      "actual": "DDoS_UDP",
      "predicted": "Port_Scanning",
      "count": 1345,
      "rate": 0.3139
    },
    {
      "actual": "Ransomware",
      "predicted": "MITM",
      "count": 1223,
      "rate": 0.2854
    },
    {
      "actual": "Port_Scanning",
      "predicted": "MITM",
      "count": 915,
      "rate": 0.2135
    },
    {
      "actual": "Backdoor",
      "predicted": "Ransomware",
      "count": 876,
      "rate": 0.2044
    },
    {
      "actual": "Uploading",
      "predicted": "SQL_injection",
      "count": 805,
      "rate": 0.1879
    },
    {
      "actual": "DDoS_ICMP",
      "predicted": "SQL_injection",
      "count": 795,
      "rate": 0.1855
    },
    {
      "actual": "XSS",
      "predicted": "DDoS_HTTP",
      "count": 721,
      "rate": 0.1683
    },
    {
      "actual": "SQL_injection",
      "predicted": "Uploading",
      "count": 715,
      "rate": 0.1669
    },
    {
      "actual": "DDoS_ICMP",
      "predicted": "Uploading",
      "count": 601,
      "rate": 0.1403
    },
    {
      "actual": "DDoS_UDP",
      "predicted": "MITM",
      "count": 538,
      "rate": 0.1256
    },
    {
      "actual": "MITM",
      "predicted": "Port_Scanning",
      "count": 479,
      "rate": 0.1118
    }
  ],
  "confusion_matrix": {
    "labels": [
      "Normal",
      "DDoS_UDP",
      "DDoS_ICMP",
      "DDoS_TCP",
      "DDoS_HTTP",
      "Password",
      "Vulnerability_scanner",
      "SQL_injection",
      "Uploading",
      "Backdoor",
      "Port_Scanning",
      "XSS",
      "Ransomware",
      "MITM",
      "OS_Fingerprinting"
    ],