{
  "round": 22,
  "num_samples": 120000,
  "accuracy": 0.8004416666666667,
  "loss": 0.007674926127245029,
  "class_distribution": {
    "Normal": 60010,
    "DDoS_UDP": 4285,
    "DDoS_ICMP": 4285,
    "DDoS_TCP": 4285,
    "DDoS_HTTP": 4285,
    "Password": 4285,
    "Vulnerability_scanner": 4285,
    "SQL_injection": 4285,
    "Uploading": 4285,
    "Backdoor": 4285,
    "Port_Scanning": 4285,
    "XSS": 4285,
    "Ransomware": 4285,
    "MITM": 4285,
    "OS_Fingerprinting": 4285
  },
  "inactive_classes": [],
  "summary_metrics": {
    "accuracy": 0.8004416666666667,
    "macro_avg": {
      "precision": 0.663347020796546,
      "recall": 0.6281802715235261,
      "f1": 0.60569857092255,
      "support": 120000
    },
    "weighted_avg": {
      "precision": 0.81968024801415,
      "recall": 0.8004416666666667,
      "f1": 0.7886010142082996,
      "support": 120000
    }
  },
  "per_class_metrics": {
    "Normal": {
      "precision": 1.0,
      "recall": 0.9991334777537078,
      "f1": 0.999566551080288,
      "support": 60010
    },
    "DDoS_UDP": {
      "precision": 0.5727978092195345,
      "recall": 0.2928821470245041,
      "f1": 0.38758492896849905,
      "support": 4285
    },
    "DDoS_ICMP": {
      "precision": 0.40648664094870696,
      "recall": 0.6639439906651109,
      "f1": 0.5042538107054236,
      "support": 4285
    },
    "DDoS_TCP": {
      "precision": 1.0,
      "recall": 0.8728121353558926,
      "f1": 0.9320872274143303,
      "support": 4285
    },
    "DDoS_HTTP": {
      "precision": 0.7702994011976048,
      "recall": 0.7505250875145858,
      "f1": 0.7602836879432624,
      "support": 4285
    },
    "Password": {
      "precision": 0.5288847698486253,
      "recall": 0.39953325554259045,
      "f1": 0.45519808561552777,
      "support": 4285
    },
    "Vulnerability_scanner": {
      "precision": 1.0,
      "recall": 0.8793465577596266,
      "f1": 0.9358003228610455,
      "support": 4285
    },
    "SQL_injection": {
      "precision": 0.3618960802187785,
      "recall": 0.0926487747957993,
      "f1": 0.14752879970271274,
      "support": 4285
    },
    "Uploading": {
      "precision": 0.4609731876861966,
      "recall": 0.5416569428238039,
      "f1": 0.498068669527897,
      "support": 4285
    },
    "Backdoor": {
      "precision": 0.5874125874125874,
      "recall": 0.9017502917152859,
      "f1": 0.7114056890361778,
      "support": 4285
    },
    "Port_Scanning": {
      "precision": 0.4163295329165134,
      "recall": 0.5283547257876313,
      "f1": 0.46569988686619357,
      "support": 4285
    },
    "XSS": {
      "precision": 0.48927875243664715,
      "recall": 0.5271878646441074,
      "f1": 0.5075263985621209,
      "support": 4285
    },
    "Ransomware": {
      "precision": 0.912621359223301,
      "recall": 0.10968494749124855,
      "f1": 0.19583333333333333,
      "support": 4285
    },
    "MITM": {
      "precision": 0.44322519083969464,
      "recall": 0.8672112018669779,
      "f1": 0.5866287789091483,
      "support": 4285
    },
    "OS_Fingerprinting": {
      "precision": 1.0,
      "recall": 0.9960326721120186,
      "f1": 0.9980123933122881,
      "support": 4285
    }
  },
  "top_attack_types": [
    {
      "attack": "Ransomware",
      "count": 4285
    },
    {
      "attack": "XSS",
      "count": 4285
    },
    {
      "attack": "DDoS_TCP",
      "count": 4285
    },
    {
      "attack": "Uploading",
      "count": 4285
    },
    {
      "attack": "Backdoor",
      "count": 4285
    },
    {
      "attack": "Vulnerability_scanner",
      "count": 4285
    },
    {
      "attack": "DDoS_HTTP",
      "count": 4285
    },
    {
      "attack": "DDoS_UDP",
      "count": 4285
    },
    {
      "attack": "DDoS_ICMP",
      "count": 4285
    },
    {
      "attack": "OS_Fingerprinting",
      "count": 4285
    },
    {
      "attack": "Password",
      "count": 4285
    },
    {
      "attack": "Port_Scanning",
      "count": 4285
    },
    {
      "attack": "MITM",
      "count": 4285
    },
    {
      "attack": "SQL_injection",
      "count": 4285
    }
  ],
  "top_confusions": [
    {
      "actual": "SQL_injection",
      "predicted": "DDoS_ICMP",
      "count": 2400
    },
    {
      "actual": "Ransomware",
      "predicted": "Backdoor",
      "count": 2397
    },
    {
      "actual": "DDoS_UDP",
      "predicted": "Port_Scanning",
      "count": 2265
    },
    {
      "actual": "Password",
      "predicted": "XSS",
      "count": 1927
    },
    {
      "actual": "Uploading",
      "predicted": "DDoS_ICMP",
      "count": 1695
    },
    {
      "actual": "SQL_injection",
      "predicted": "Uploading",
      "count": 1488
    },
    {
      "actual": "XSS",
      "predicted": "Password",
      "count": 1305
    },
    {
      "actual": "Ransomware",
      "predicted": "MITM",
      "count": 1223
    },
    {
      "actual": "Port_Scanning",
      "predicted": "MITM",
      "count": 1085
    },
    {
      "actual": "Port_Scanning",
      "predicted": "DDoS_UDP",
      "count": 936
    },
    {
      "actual": "DDoS_ICMP",
      "predicted": "Uploading",
      "count": 818
    },
    {
      "actual": "DDoS_UDP",
      "predicted": "MITM",
      "count": 765
    }
  ],
  "problematic_confusions": [
    {
      "actual": "SQL_injection",
      "predicted": "DDoS_ICMP",
      "count": 2400,
      "rate": 0.5601
    },
    {
      "actual": "Ransomware",
      "predicted": "Backdoor",
      "count": 2397,
      "rate": 0.5594
    },
    {
      "actual": "DDoS_UDP",
      "predicted": "Port_Scanning",
      "count": 2265,
      "rate": 0.5286
    },
    {
      "actual": "Password",
      "predicted": "XSS",
      "count": 1927,
      "rate": 0.4497
    },
    {
      "actual": "Uploading",
      "predicted": "DDoS_ICMP",
      "count": 1695,
      "rate": 0.3956
    },
    {
      "actual": "SQL_injection",
      "predicted": "Uploading",
      "count": 1488,
      "rate": 0.3473
    },
    {
      "actual": "XSS",
      "predicted": "Password",
      "count": 1305,
      "rate": 0.3046
    },
    {
      "actual": "Ransomware",
      "predicted": "MITM",
      "count": 1223,
      "rate": 0.2854
    },
    {
      "actual": "Port_Scanning",
      "predicted": "MITM",
      "count": 1085,
      "rate": 0.2532
    },
    {
      "actual": "Port_Scanning",
      "predicted": "DDoS_UDP",
      "count": 936,
      "rate": 0.2184
    },
    {
      "actual": "DDoS_ICMP",
      "predicted": "Uploading",
      "count": 818,
      "rate": 0.1909
    },
    {
      "actual": "DDoS_UDP",
      "predicted": "MITM",
      "count": 765,
      "rate": 0.1785
    },
    {
      "actual": "XSS",
      "predicted": "DDoS_HTTP",
      "count": 721,
      "rate": 0.1683
    },
    {
      "actual": "MITM",
      "predicted": "Port_Scanning",
      "count": 569,
      "rate": 0.1328
    },
    {
      "actual": "DDoS_TCP",
      "predicted": "MITM",
      "count": 545,
      "rate": 0.1272
    },
    {
      "actual": "Vulnerability_scanner",
      "predicted": "MITM",
      "count": 517,
      "rate": 0.1207
    },
    {
      "actual": "DDoS_HTTP",
      "predicted": "XSS",
      "count": 431,
      "rate": 0.1006
    }
  ],
  "confusion_matrix": {
    "labels": [
      "Normal",
      "DDoS_UDP",
      "DDoS_ICMP",
      "DDoS_TCP",
      "DDoS_HTTP",
      "Password",
      "Vulnerability_scanner",
      "SQL_injection",
      "Uploading",
      "Backdoor",
      "Port_Scanning",
      "XSS",
      "Ransomware",
      "MITM",
      "OS_Fingerprinting"
    ],