{
  "round": 37,
  "num_samples": 120000,
  "accuracy": 0.7999,
  "loss": 0.006663001318275928,
  "class_distribution": {
    "Normal": 60010,
    "DDoS_UDP": 4285,
    "DDoS_ICMP": 4285,
    "DDoS_TCP": 4285,
    "DDoS_HTTP": 4285,
    "Password": 4285,
    "Vulnerability_scanner": 4285,
    "SQL_injection": 4285,
    "Uploading": 4285,
    "Backdoor": 4285,
    "Port_Scanning": 4285,
    "XSS": 4285,
    "Ransomware": 4285,
    "MITM": 4285,
    "OS_Fingerprinting": 4285
  },
  "inactive_classes": [],
  "summary_metrics": {
    "accuracy": 0.7999,
    "macro_avg": {
      "precision": 0.6271228608928551,
      "recall": 0.6271689918658053,
      "f1": 0.615156723912028,
      "support": 120000
    },
    "weighted_avg": {
      "precision": 0.8002776823657355,
      "recall": 0.7999,
      "f1": 0.7936670374032887,
      "support": 120000
    }
  },
  "per_class_metrics": {
    "Normal": {
      "precision": 1.0,
      "recall": 0.9991334777537078,
      "f1": 0.999566551080288,
      "support": 60010
    },
    "DDoS_UDP": {
      "precision": 0.5704526046114432,
      "recall": 0.4676779463243874,
      "f1": 0.5139779430623237,
      "support": 4285
    },
    "DDoS_ICMP": {
      "precision": 0.42547680715799385,
      "recall": 0.4217036172695449,
      "f1": 0.42358180965775905,
      "support": 4285
    },
    "DDoS_TCP": {
      "precision": 1.0,
      "recall": 0.9208868144690782,
      "f1": 0.9588142388531162,
      "support": 4285
    },
    "DDoS_HTTP": {
      "precision": 0.7707538167938931,
      "recall": 0.7540256709451575,
      "f1": 0.7622979827769258,
      "support": 4285
    },
    "Password": {
      "precision": 0.5364673349464224,
      "recall": 0.36219369894982495,
      "f1": 0.43243243243243246,
      "support": 4285
    },
    "Vulnerability_scanner": {
      "precision": 1.0,
      "recall": 0.9192532088681447,
      "f1": 0.9579280155642024,
      "support": 4285
    },
    "SQL_injection": {
      "precision": 0.419921875,
      "recall": 0.2508751458576429,
      "f1": 0.3140978816654492,
      "support": 4285
    },
    "Uploading": {
      "precision": 0.4268060836501901,
      "recall": 0.6287047841306884,
      "f1": 0.5084457865433614,
      "support": 4285
    },
    "Backdoor": {
      "precision": 0.5314214905292972,
      "recall": 0.700583430571762,
      "f1": 0.6043889671834105,
      "support": 4285
    },
    "Port_Scanning": {
      "precision": 0.4214238483579458,
      "recall": 0.44620770128354725,
      "f1": 0.4334618000453412,
      "support": 4285
    },
    "XSS": {
      "precision": 0.4835164835164835,
      "recall": 0.5544924154025671,
      "f1": 0.5165778889009675,
      "support": 4285
    },
    "Ransomware": {
      "precision": 0.32605905006418484,
      "recall": 0.11855309218203033,
      "f1": 0.1738832791374294,
      "support": 4285
    },
    "MITM": {
      "precision": 0.49454351876497205,
      "recall": 0.8672112018669779,
      "f1": 0.6298838884651241,
      "support": 4285
    },
    "OS_Fingerprinting": {
      "precision": 1.0,
      "recall": 0.9960326721120186,
      "f1": 0.9980123933122881,
      "support": 4285
    }
  },
  "top_attack_types": [
    {
      "attack": "Ransomware",
      "count": 4285
    },
    {
      "attack": "XSS",
      "count": 4285
    },
    {
      "attack": "DDoS_TCP",
      "count": 4285
    },
    {
      "attack": "Uploading",
      "count": 4285
    },
    {
      "attack": "Backdoor",
      "count": 4285
    },
    {
      "attack": "Vulnerability_scanner",
      "count": 4285
    },
    {
      "attack": "DDoS_HTTP",
      "count": 4285
    },
    {
      "attack": "DDoS_UDP",
      "count": 4285
    },
    {
      "attack": "DDoS_ICMP",
      "count": 4285
    },
    {
      "attack": "OS_Fingerprinting",
      "count": 4285
    },
    {
      "attack": "Password",
      "count": 4285
    },
    {
      "attack": "Port_Scanning",
      "count": 4285
    },
    {
      "attack": "MITM",
      "count": 4285
    },
    {
      "attack": "SQL_injection",
      "count": 4285
    }
  ],
  "top_confusions": [
    {
      "actual": "Ransomware",
      "predicted": "Backdoor",
      "count": 2412
    },
    {
      "actual": "Password",
      "predicted": "XSS",
      "count": 2081
    },
    {
      "actual": "SQL_injection",
      "predicted": "Uploading",
      "count": 1821
    },
    {
      "actual": "DDoS_UDP",
      "predicted": "Port_Scanning",
      "count": 1787
    },
    {
      "actual": "DDoS_ICMP",
      "predicted": "Uploading",
      "count": 1546
    },
    {
      "actual": "Port_Scanning",
      "predicted": "DDoS_UDP",
      "count": 1486
    },
    {
      "actual": "SQL_injection",
      "predicted": "DDoS_ICMP",
      "count": 1389
    },
    {
      "actual": "Ransomware",
      "predicted": "MITM",
      "count": 1223
    },
    {
      "actual": "XSS",
      "predicted": "Password",
      "count": 1188
    },
    {
      "actual": "Uploading",
      "predicted": "DDoS_ICMP",
      "count": 1011
    },
    {
      "actual": "Backdoor",
      "predicted": "Ransomware",
      "count": 893
    }
  ],
  "problematic_confusions": [
    {
      "actual": "Ransomware",
      "predicted": "Backdoor",
      "count": 2412,
      "rate": 0.5629
    },
    {
      "actual": "Password",
      "predicted": "XSS",
      "count": 2081,
      "rate": 0.4856
    },
    {
      "actual": "SQL_injection",
      "predicted": "Uploading",
      "count": 1821,
      "rate": 0.425
    },
    {
      "actual": "DDoS_UDP",
      "predicted": "Port_Scanning",
      "count": 1787,
      "rate": 0.417
    },
    {
      "actual": "DDoS_ICMP",
      "predicted": "Uploading",
      "count": 1546,
      "rate": 0.3608
    },
    {
      "actual": "Port_Scanning",
      "predicted": "DDoS_UDP",
      "count": 1486,
      "rate": 0.3468
    },
    {
      "actual": "SQL_injection",
      "predicted": "DDoS_ICMP",
      "count": 1389,
      "rate": 0.3242
    },
    {
      "actual": "Ransomware",
      "predicted": "MITM",
      "count": 1223,
      "rate": 0.2854
    },
    {
      "actual": "XSS",
      "predicted": "Password",
      "count": 1188,
      "rate": 0.2772
    },
    {
      "actual": "Uploading",
      "predicted": "DDoS_ICMP",
      "count": 1011,
      "rate": 0.2359
    },
    {
      "actual": "Backdoor",
      "predicted": "Ransomware",
      "count": 893,
      "rate": 0.2084
    },
    {
      "actual": "Port_Scanning",
      "predicted": "MITM",
      "count": 887,
      "rate": 0.207
    },
    {
      "actual": "DDoS_ICMP",
      "predicted": "SQL_injection",
      "count": 735,
      "rate": 0.1715
    },
    {
      "actual": "XSS",
      "predicted": "DDoS_HTTP",
      "count": 721,
      "rate": 0.1683
    },
    {
      "actual": "Uploading",
      "predicted": "SQL_injection",
      "count": 580,
      "rate": 0.1354
    },
    {
      "actual": "MITM",
      "predicted": "Port_Scanning",
      "count": 569,
      "rate": 0.1328
    },
    {
      "actual": "DDoS_UDP",
      "predicted": "MITM",
      "count": 494,
      "rate": 0.1153
    },
    {
      "actual": "DDoS_HTTP",
      "predicted": "XSS",
      "count": 457,
      "rate": 0.1067
    }
  ],
  "confusion_matrix": {
    "labels": [
      "Normal",
      "DDoS_UDP",
      "DDoS_ICMP",
      "DDoS_TCP",
      "DDoS_HTTP",
      "Password",
      "Vulnerability_scanner",
      "SQL_injection",
      "Uploading",
      "Backdoor",
      "Port_Scanning",
      "XSS",
      "Ransomware",
      "MITM",
      "OS_Fingerprinting"
    ],