{
  "round": 30,
  "num_samples": 120000,
  "accuracy": 0.799425,
  "loss": 0.006913485645254453,
  "class_distribution": {
    "Normal": 60010,
    "DDoS_UDP": 4285,
    "DDoS_ICMP": 4285,
    "DDoS_TCP": 4285,
    "DDoS_HTTP": 4285,
    "Password": 4285,
    "Vulnerability_scanner": 4285,
    "SQL_injection": 4285,
    "Uploading": 4285,
    "Backdoor": 4285,
    "Port_Scanning": 4285,
    "XSS": 4285,
    "Ransomware": 4285,
    "MITM": 4285,
    "OS_Fingerprinting": 4285
  },
  "inactive_classes": [],
  "summary_metrics": {
    "accuracy": 0.799425,
    "macro_avg": {
      "precision": 0.6272062127447396,
      "recall": 0.6262821773967271,
      "f1": 0.6080471401328109,
      "support": 120000
    },
    "weighted_avg": {
      "precision": 0.8003223277014012,
      "recall": 0.799425,
      "f1": 0.7898589665915456,
      "support": 120000
    }
  },
  "per_class_metrics": {
    "Normal": {
      "precision": 1.0,
      "recall": 0.9991334777537078,
      "f1": 0.999566551080288,
      "support": 60010
    },
    "DDoS_UDP": {
      "precision": 0.5493136756481952,
      "recall": 0.5043173862310385,
      "f1": 0.5258547268524152,
      "support": 4285
    },
    "DDoS_ICMP": {
      "precision": 0.4059419496166484,
      "recall": 0.691948658109685,
      "f1": 0.5116921218396756,
      "support": 4285
    },
    "DDoS_TCP": {
      "precision": 1.0,
      "recall": 0.9106184364060677,
      "f1": 0.9532185171613534,
      "support": 4285
    },
    "DDoS_HTTP": {
      "precision": 0.7702799712849964,
      "recall": 0.7512252042007002,
      "f1": 0.7606332703213611,
      "support": 4285
    },
    "Password": {
      "precision": 0.5270013568521031,
      "recall": 0.4532088681446908,
      "f1": 0.48732747804265997,
      "support": 4285
    },
    "Vulnerability_scanner": {
      "precision": 1.0,
      "recall": 0.912485414235706,
      "f1": 0.9542403904820013,
      "support": 4285
    },
    "SQL_injection": {
      "precision": 0.4369747899159664,
      "recall": 0.0970828471411902,
      "f1": 0.15886958182165362,
      "support": 4285
    },
    "Uploading": {
      "precision": 0.4715897435897436,
      "recall": 0.5365227537922987,
      "f1": 0.5019650655021834,
      "support": 4285
    },
    "Backdoor": {
      "precision": 0.5274956217162872,
      "recall": 0.7029171528588098,
      "f1": 0.6027013506753377,
      "support": 4285
    },
    "Port_Scanning": {
      "precision": 0.42756276150627615,
      "recall": 0.38156359393232203,
      "f1": 0.4032556418793933,
      "support": 4285
    },
    "XSS": {
      "precision": 0.49516674722087967,
      "recall": 0.47817969661610266,
      "f1": 0.4865249910958091,
      "support": 4285
    },
    "Ransomware": {
      "precision": 0.3258503401360544,
      "recall": 0.1117852975495916,
      "f1": 0.16646394439617723,
      "support": 4285
    },
    "MITM": {
      "precision": 0.47091623368394375,
      "recall": 0.8672112018669779,
      "f1": 0.6103810775295664,
      "support": 4285
    },
    "OS_Fingerprinting": {
      "precision": 1.0,
      "recall": 0.9960326721120186,
      "f1": 0.9980123933122881,
      "support": 4285
    }
  },
  "top_attack_types": [
    {
      "attack": "Ransomware",
      "count": 4285
    },
    {
      "attack": "XSS",
      "count": 4285
    },
    {
      "attack": "DDoS_TCP",
      "count": 4285
    },
    {
      "attack": "Uploading",
      "count": 4285
    },
    {
      "attack": "Backdoor",
      "count": 4285
    },
    {
      "attack": "Vulnerability_scanner",
      "count": 4285
    },
    {
      "attack": "DDoS_HTTP",
      "count": 4285
    },
    {
      "attack": "DDoS_UDP",
      "count": 4285
    },
    {
      "attack": "DDoS_ICMP",
      "count": 4285
    },
    {
      "attack": "OS_Fingerprinting",
      "count": 4285
    },
    {
      "attack": "Password",
      "count": 4285
    },
    {
      "attack": "Port_Scanning",
      "count": 4285
    },
    {
      "attack": "MITM",
      "count": 4285
    },
    {
      "attack": "SQL_injection",
      "count": 4285
    }
  ],
  "top_confusions": [
    {
      "actual": "SQL_injection",
      "predicted": "DDoS_ICMP",
      "count": 2512
    },
    {
      "actual": "Ransomware",
      "predicted": "Backdoor",
      "count": 2432
    },
    {
      "actual": "Uploading",
      "predicted": "DDoS_ICMP",
      "count": 1766
    },
    {
      "actual": "Password",
      "predicted": "XSS",
      "count": 1695
    },
    {
      "actual": "Port_Scanning",
      "predicted": "DDoS_UDP",
      "count": 1637
    },
    {
      "actual": "XSS",
      "predicted": "Password",
      "count": 1515
    },
    {
      "actual": "DDoS_UDP",
      "predicted": "Port_Scanning",
      "count": 1462
    },
    {
      "actual": "SQL_injection",
      "predicted": "Uploading",
      "count": 1357
    },
    {
      "actual": "Ransomware",
      "predicted": "MITM",
      "count": 1223
    },
    {
      "actual": "Port_Scanning",
      "predicted": "MITM",
      "count": 1013
    },
    {
      "actual": "DDoS_ICMP",
      "predicted": "Uploading",
      "count": 918
    },
    {
      "actual": "Backdoor",
      "predicted": "Ransomware",
      "count": 876
    }
  ],
  "problematic_confusions": [
    {
      "actual": "SQL_injection",
      "predicted": "DDoS_ICMP",
      "count": 2512,
      "rate": 0.5862
    },
    {
      "actual": "Ransomware",
      "predicted": "Backdoor",
      "count": 2432,
      "rate": 0.5676
    },
    {
      "actual": "Uploading",
      "predicted": "DDoS_ICMP",
      "count": 1766,
      "rate": 0.4121
    },
    {
      "actual": "Password",
      "predicted": "XSS",
      "count": 1695,
      "rate": 0.3956
    },
    {
      "actual": "Port_Scanning",
      "predicted": "DDoS_UDP",
      "count": 1637,
      "rate": 0.382
    },
    {
      "actual": "XSS",
      "predicted": "Password",
      "count": 1515,
      "rate": 0.3536
    },
    {
      "actual": "DDoS_UDP",
      "predicted": "Port_Scanning",
      "count": 1462,
      "rate": 0.3412
    },
    {
      "actual": "SQL_injection",
      "predicted": "Uploading",
      "count": 1357,
      "rate": 0.3167
    },
    {
      "actual": "Ransomware",
      "predicted": "MITM",
      "count": 1223,
      "rate": 0.2854
    },
    {
      "actual": "Port_Scanning",
      "predicted": "MITM",
      "count": 1013,
      "rate": 0.2364
    },
    {
      "actual": "DDoS_ICMP",
      "predicted": "Uploading",
      "count": 918,
      "rate": 0.2142
    },
    {
      "actual": "Backdoor",
      "predicted": "Ransomware",
      "count": 876,
      "rate": 0.2044
    },
    {
      "actual": "XSS",
      "predicted": "DDoS_HTTP",
      "count": 721,
      "rate": 0.1683
    },
    {
      "actual": "DDoS_UDP",
      "predicted": "MITM",
      "count": 662,
      "rate": 0.1545
    },
    {
      "actual": "MITM",
      "predicted": "Port_Scanning",
      "count": 511,
      "rate": 0.1193
    }
  ],
  "confusion_matrix": {
    "labels": [
      "Normal",
      "DDoS_UDP",
      "DDoS_ICMP",
      "DDoS_TCP",
      "DDoS_HTTP",
      "Password",
      "Vulnerability_scanner",
      "SQL_injection",
      "Uploading",
      "Backdoor",
      "Port_Scanning",
      "XSS",
      "Ransomware",
      "MITM",
      "OS_Fingerprinting"
    ],