{
  "round": 18,
  "num_samples": 120000,
  "accuracy": 0.7872083333333333,
  "loss": 0.008542418541262546,
  "class_distribution": {
    "Normal": 60010,
    "DDoS_UDP": 4285,
    "DDoS_ICMP": 4285,
    "DDoS_TCP": 4285,
    "DDoS_HTTP": 4285,
    "Password": 4285,
    "Vulnerability_scanner": 4285,
    "SQL_injection": 4285,
    "Uploading": 4285,
    "Backdoor": 4285,
    "Port_Scanning": 4285,
    "XSS": 4285,
    "Ransomware": 4285,
    "MITM": 4285,
    "OS_Fingerprinting": 4285
  },
  "inactive_classes": [],
  "summary_metrics": {
    "accuracy": 0.7872083333333333,
    "macro_avg": {
      "precision": 0.5423330576461185,
      "recall": 0.6042829760448976,
      "f1": 0.5466765815609554,
      "support": 120000
    },
    "weighted_avg": {
      "precision": 0.7529628913249715,
      "recall": 0.7872083333333333,
      "f1": 0.7558205390867208,
      "support": 120000
    }
  },
  "per_class_metrics": {
    "Normal": {
      "precision": 0.9959100884484937,
      "recall": 0.9982002999500084,
      "f1": 0.9970538790592387,
      "support": 60010
    },
    "DDoS_UDP": {
      "precision": 0.5832793259883344,
      "recall": 0.2100350058343057,
      "f1": 0.3088538091969801,
      "support": 4285
    },
    "DDoS_ICMP": {
      "precision": 0.3996842520720958,
      "recall": 0.7089848308051342,
      "f1": 0.5111896348645465,
      "support": 4285
    },
    "DDoS_TCP": {
      "precision": 1.0,
      "recall": 0.8637106184364061,
      "f1": 0.9268720260455797,
      "support": 4285
    },
    "DDoS_HTTP": {
      "precision": 0.7541442913845435,
      "recall": 0.7537922987164527,
      "f1": 0.753968253968254,
      "support": 4285
    },
    "Password": {
      "precision": 0.15,
      "recall": 0.0007001166861143524,
      "f1": 0.0013937282229965157,
      "support": 4285
    },
    "Vulnerability_scanner": {
      "precision": 1.0,
      "recall": 0.8886814469078179,
      "f1": 0.9410601754602743,
      "support": 4285
    },
    "SQL_injection": {
      "precision": 0.0,
      "recall": 0.0,
      "f1": 0.0,
      "support": 4285
    },
    "Uploading": {
      "precision": 0.4302407932011331,
      "recall": 0.5670945157526255,
      "f1": 0.48927816369676835,
      "support": 4285
    },
    "Backdoor": {
      "precision": 0.5453647523634825,
      "recall": 0.9019836639439907,
      "f1": 0.6797397115722827,
      "support": 4285
    },
    "Port_Scanning": {
      "precision": 0.41495710555762777,
      "recall": 0.5192532088681447,
      "f1": 0.4612833005079299,
      "support": 4285
    },
    "XSS": {
      "precision": 0.4465442051010969,
      "recall": 0.7885647607934656,
      "f1": 0.5701991225109686,
      "support": 4285
    },
    "Ransomware": {
      "precision": 0.0,
      "recall": 0.0,
      "f1": 0.0,
      "support": 4285
    },
    "MITM": {
      "precision": 0.4148710505749693,
      "recall": 0.8672112018669779,
      "f1": 0.5612445249962241,
      "support": 4285
    },
    "OS_Fingerprinting": {
      "precision": 1.0,
      "recall": 0.9960326721120186,
      "f1": 0.9980123933122881,
      "support": 4285
    }
  },
  "top_attack_types": [
    {
      "attack": "Ransomware",
      "count": 4285
    },
    {
      "attack": "XSS",
      "count": 4285
    },
    {
      "attack": "DDoS_TCP",
      "count": 4285
    },
    {
      "attack": "Uploading",
      "count": 4285
    },
    {
      "attack": "Backdoor",
      "count": 4285
    },
    {
      "attack": "Vulnerability_scanner",
      "count": 4285
    },
    {
      "attack": "DDoS_HTTP",
      "count": 4285
    },
    {
      "attack": "DDoS_UDP",
      "count": 4285
    },
    {
      "attack": "DDoS_ICMP",
      "count": 4285
    },
    {
      "attack": "OS_Fingerprinting",
      "count": 4285
    },
    {
      "attack": "Password",
      "count": 4285
    },
    {
      "attack": "Port_Scanning",
      "count": 4285
    },
    {
      "attack": "MITM",
      "count": 4285
    },
    {
      "attack": "SQL_injection",
      "count": 4285
    }
  ],
  "top_confusions": [
    {
      "actual": "Password",
      "predicted": "XSS",
      "count": 3606
    },
    {
      "actual": "Ransomware",
      "predicted": "Backdoor",
      "count": 2871
    },
    {
      "actual": "SQL_injection",
      "predicted": "DDoS_ICMP",
      "count": 2646
    },
    {
      "actual": "DDoS_UDP",
      "predicted": "Port_Scanning",
      "count": 2193
    },
    {
      "actual": "Uploading",
      "predicted": "DDoS_ICMP",
      "count": 1855
    },
    {
      "actual": "SQL_injection",
      "predicted": "Uploading",
      "count": 1639
    },
    {
      "actual": "Port_Scanning",
      "predicted": "MITM",
      "count": 1304
    },
    {
      "actual": "Ransomware",
      "predicted": "MITM",
      "count": 1223
    },
    {
      "actual": "DDoS_ICMP",
      "predicted": "Uploading",
      "count": 1168
    },
    {
      "actual": "DDoS_UDP",
      "predicted": "MITM",
      "count": 1059
    },
    {
      "actual": "XSS",
      "predicted": "DDoS_HTTP",
      "count": 906
    },
    {
      "actual": "Port_Scanning",
      "predicted": "DDoS_UDP",
      "count": 643
    },
    {
      "actual": "DDoS_TCP",
      "predicted": "MITM",
      "count": 584
    }
  ],
  "problematic_confusions": [
    {
      "actual": "Password",
      "predicted": "XSS",
      "count": 3606,
      "rate": 0.8415
    },
    {
      "actual": "Ransomware",
      "predicted": "Backdoor",
      "count": 2871,
      "rate": 0.67
    },
    {
      "actual": "SQL_injection",
      "predicted": "DDoS_ICMP",
      "count": 2646,
      "rate": 0.6175
    },
    {
      "actual": "DDoS_UDP",
      "predicted": "Port_Scanning",
      "count": 2193,
      "rate": 0.5118
    },
    {
      "actual": "Uploading",
      "predicted": "DDoS_ICMP",
      "count": 1855,
      "rate": 0.4329
    },
    {
      "actual": "SQL_injection",
      "predicted": "Uploading",
      "count": 1639,
      "rate": 0.3825
    },
    {
      "actual": "Port_Scanning",
      "predicted": "MITM",
      "count": 1304,
      "rate": 0.3043
    },
    {
      "actual": "Ransomware",
      "predicted": "MITM",
      "count": 1223,
      "rate": 0.2854
    },
    {
      "actual": "DDoS_ICMP",
      "predicted": "Uploading",
      "count": 1168,
      "rate": 0.2726
    },
    {
      "actual": "DDoS_UDP",
      "predicted": "MITM",
      "count": 1059,
      "rate": 0.2471
    },
    {
      "actual": "XSS",
      "predicted": "DDoS_HTTP",
      "count": 906,
      "rate": 0.2114
    },
    {
      "actual": "Port_Scanning",
      "predicted": "DDoS_UDP",
      "count": 643,
      "rate": 0.1501
    },
    {
      "actual": "DDoS_TCP",
      "predicted": "MITM",
      "count": 584,
      "rate": 0.1363
    },
    {
      "actual": "DDoS_HTTP",
      "predicted": "XSS",
      "count": 582,
      "rate": 0.1358
    },
    {
      "actual": "MITM",
      "predicted": "Port_Scanning",
      "count": 569,
      "rate": 0.1328
    },
    {
      "actual": "Vulnerability_scanner",
      "predicted": "MITM",
      "count": 477,
      "rate": 0.1113
    }
  ],
  "confusion_matrix": {
    "labels": [
      "Normal",
      "DDoS_UDP",
      "DDoS_ICMP",
      "DDoS_TCP",
      "DDoS_HTTP",
      "Password",
      "Vulnerability_scanner",
      "SQL_injection",
      "Uploading",
      "Backdoor",
      "Port_Scanning",
      "XSS",
      "Ransomware",
      "MITM",
      "OS_Fingerprinting"
    ],