{
  "timestamp": "2026-02-24T00:00:18.086500",
  "system_resources": {
    "cpu_percent": {
      "min": 0.0,
      "max": 97.2,
      "avg": 17.716140776699028,
      "count": 5768
    },
    "ram_percent": {
      "min": 22.4,
      "max": 83.5,
      "avg": 66.64649791955617,
      "count": 5768
    },
    "ram_mb": {
      "min": 7179.44921875,
      "max": 26813.13671875,
      "avg": 21389.059090157985,
      "count": 5768
    },
    "gpu_util": {
      "min": 0.0,
      "max": 6.0,
      "avg": 0.03692787794729542,
      "count": 5768
    },
    "gpu_mem_util": {
      "min": 0.0,
      "max": 1.0,
      "avg": 0.0006934812760055479,
      "count": 5768
    },
    "gpu_mem_mb": {
      "min": 224.0,
      "max": 480.4375,
      "avg": 458.05126343619975,
      "count": 5768
    },
    "gpu_power_w": {
      "min": 16.034,
      "max": 29.264,
      "avg": 27.738465846047156,
      "count": 5768
    }
  }
}