{
  "timestamp": "1h 50m 28s",
  "system_resources": {
    "cpu_percent": {
      "min": 0.0,
      "max": 100.0,
      "avg": 20.952814638916053,
      "count": 7159
    },
    "ram_percent": {
      "min": 25.4,
      "max": 85.6,
      "avg": 69.48948177119709,
      "count": 7159
    },
    "ram_mb": {
      "min": 8155.8515625,
      "max": 27473.3671875,
      "avg": 22301.636955558562,
      "count": 7159
    },
    "gpu_util": {
      "min": 0.0,
      "max": 6.0,
      "avg": 0.028076547003771476,
      "count": 7159
    },
    "gpu_mem_util": {
      "min": 0.0,
      "max": 1.0,
      "avg": 0.0001396843134515994,
      "count": 7159
    },
    "gpu_mem_mb": {
      "min": 224.0,
      "max": 480.4375,
      "avg": 462.7393578013689,
      "count": 7159
    },
    "gpu_power_w": {
      "min": 17.219,
      "max": 31.883,
      "avg": 30.292988964939237,
      "count": 7159
    }
  }
}